,2,2015,CI,6 ,Each, 1 ,6 , 600 
,2,2015,CU,"1,000 ",Pack 1000," 1,000 ","1,000,000 "," 1,140 "
,2,2015,GH,1 ,Each, 1 ,1 ," 1,168 "
,2,2015,GW,1 ,Each, 1 ,1 ," 9,378 "
,2,2015,GT,"22,000 ",Each, 1 ,"22,000 ", 220 
,2,2015,HN,"69,450 ",Each, 1 ,"69,450 "," 32,711 "
,2,2015,IR,"192,000 ",Each, 1 ,"192,000 "," 1,536 "
,2,2015,LA,"59,040 ",Each, 1 ,"59,040 "," 106,272 "
,2,2015,LA,"15,550 ",Gross, 144 ,"2,239,200 "," 1,849 "
,2,2015,MZ,2 ,Gross, 144 ,288 ," 13,300 "
,2,2015,MW,1 ,Gross, 144 ,144 ," 7,290 "
,2,2015,PY,"453,440 ",Each, 1 ,"453,440 "," 22,672 "
,2,2015,SL,"18,000 ",Each, 1 ,"18,000 "," 48,594 "
,2,2015,TD,2 ,Each, 1 ,2 ," 45,212 "
,2,2015,US,1 ,Each, 1 ,1 ," 3,100 "
,3,2015,AF,"47,040 ",Cycles, 1 ,"47,040 "," 12,701 "
,3,2015,AO,"60,000 ",Cycles, 1 ,"60,000 "," 16,200 "
,3,2015,AL,"60,000 ",Cycles, 1 ,"60,000 "," 16,200 "
,3,2015,BI,"380,922 ",Cycles, 1 ,"380,922 "," 102,849 "
,3,2015,BJ,"370,607 ",Cycles, 1 ,"370,607 "," 100,064 "
,3,2015,BF,"2,528,721 ",Cycles, 1 ,"2,528,721 "," 541,138 "
,3,2015,BS,"25,002 ",Cycles, 1 ,"25,002 "," 6,751 "
,3,2015,BZ,"79,200 ",Cycles, 1 ,"79,200 "," 21,384 "
,3,2015,CF,"263,738 ",Cycles, 1 ,"263,738 "," 73,816 "
,3,2015,CI,"592,560 ",Cycles, 1 ,"592,560 "," 159,991 "
,3,2015,CD,"649,455 ",Cycles, 1 ,"649,455 "," 171,958 "
,3,2015,KM,"35,001 ",Cycles, 1 ,"35,001 "," 9,450 "
,3,2015,CV,"38,577 ",Cycles, 1 ,"38,577 "," 10,416 "
,3,2015,DJ,"59,999 ",Cycles, 1 ,"59,999 "," 16,200 "
,3,2015,DO,"40,002 ",Cycles, 1 ,"40,002 "," 10,801 "
,3,2015,EC,"840,000 ",Cycles, 1 ,"840,000 "," 226,800 "
,3,2015,ER,"108,000 ",Cycles, 1 ,"108,000 "," 29,160 "
,3,2015,FJ,"38,184 ",Cycles, 1 ,"38,184 "," 10,310 "
,3,2015,GB,"78,480 ",Cycles, 1 ,"78,480 "," 21,190 "
,3,2015,GH,"600,303 ",Cycles, 1 ,"600,303 "," 162,082 "
,3,2015,GN,"200,880 ",Cycles, 1 ,"200,880 "," 54,238 "
,3,2015,GM,"120,240 ",Cycles, 1 ,"120,240 "," 32,465 "
,3,2015,GW,"34,200 ",Cycles, 1 ,"34,200 "," 17,615 "
,3,2015,GQ,606 ,Cycles, 1 ,606 , 425 
,3,2015,GT,"300,000 ",Cycles, 1 ,"300,000 "," 81,000 "
,3,2015,HN,"3,396,465 ",Cycles, 1 ,"3,396,465 "," 917,046 "
,3,2015,HT,"161,541 ",Cycles, 1 ,"161,541 "," 43,616 "
,3,2015,JM,"219,999 ",Cycles, 1 ,"219,999 "," 59,400 "
,3,2015,KE,"44,999 ",Cycles, 1 ,"44,999 "," 14,266 "
,3,2015,KH,"3,024,880 ",Cycles, 1 ,"3,024,880 "," 628,000 "
,3,2015,LA,"1,530,000 ",Cycles, 1 ,"1,530,000 "," 413,100 "
,3,2015,LB,"105,000 ",Cycles, 1 ,"105,000 "," 28,350 "
,3,2015,LR,"301,140 ",Cycles, 1 ,"301,140 "," 81,308 "
,3,2015,LS,"113,470 ",Cycles, 1 ,"113,470 "," 30,637 "
,3,2015,MG,"595,605 ",Cycles, 1 ,"595,605 "," 160,813 "
,3,2015,ML,"846,457 ",Cycles, 1 ,"846,457 "," 228,967 "
,3,2015,MM,"361,740 ",Cycles, 1 ,"361,740 "," 97,670 "
,3,2015,MW,"552,795 ",Cycles, 1 ,"552,795 "," 149,255 "
,3,2015,MY,"27,069 ",Cycles, 1 ,"27,069 "," 7,309 "
,3,2015,NE,"1,384,500 ",Cycles, 1 ,"1,384,500 "," 373,815 "
,3,2015,NG,"1,622,814 ",Cycles, 1 ,"1,622,814 "," 438,160 "
,3,2015,NP,"304,779 ",Cycles, 1 ,"304,779 "," 80,130 "
,3,2015,PH,"10,001 ",Cycles, 1 ,"10,001 "," 4,817 "
,3,2015,PG,"4,899 ",Cycles, 1 ,"4,899 "," 1,323 "
,3,2015,RW,"126,000 ",Cycles, 1 ,"126,000 "," 34,020 "
,3,2015,SD,"2,065,500 ",Cycles, 1 ,"2,065,500 "," 1,411,356 "
,3,2015,SN,"1,277,280 ",Cycles, 1 ,"1,277,280 "," 344,866 "
,3,2015,SL,"780,000 ",Cycles, 1 ,"780,000 "," 167,700 "
,3,2015,SV,"46,343 ",Cycles, 1 ,"46,343 "," 32,130 "
,3,2015,SO,"125,280 ",Cycles, 1 ,"125,280 "," 33,826 "
,3,2015,SS,"117,402 ",Cycles, 1 ,"117,402 "," 31,699 "
,3,2015,ST,"65,500 ",Cycles, 1 ,"65,500 "," 17,685 "
,3,2015,SC,"28,902 ",Cycles, 1 ,"28,902 "," 9,200 "
,3,2015,TG,"234,900 ",Cycles, 1 ,"234,900 "," 63,423 "
,3,2015,TJ,"270,000 ",Cycles, 1 ,"270,000 "," 72,900 "
,3,2015,TM,"21,600 ",Cycles, 1 ,"21,600 "," 5,832 "
,3,2015,TL,"79,900 ",Cycles, 1 ,"79,900 "," 21,573 "
,3,2015,UG,"159,963 ",Cycles, 1 ,"159,963 "," 43,190 "
,3,2015,US,"130,000 ",Cycles, 1 ,"130,000 "," 35,100 "
,3,2015,YE,"41,880 ",Cycles, 1 ,"41,880 "," 11,765 "
,4,2015,BI,"28,498 ",Pack 2, 2 ,"56,996 "," 5,700 "
,4,2015,BJ,"9,160 ",Pack, 1 ,"9,160 "," 6,046 "
,4,2015,BS,900 ,Pack, 1 ,900 , 234 
,4,2015,BO,960 ,Pack, 1 ,960 , 634 
,4,2015,CF,240 ,Pack, 1 ,240 , 158 
,4,2015,CI,"3,120 ",Pack, 1 ,"3,120 "," 2,059 "
,4,2015,CM,"100,320 ",Pack, 1 ,"100,320 "," 66,211 "
,4,2015,CD,"128,400 ",Pack, 1 ,"128,400 "," 84,744 "
,4,2015,CO,"1,000 ",Pack 2, 2 ,"2,000 ", 200 
,4,2015,CU,"120,600 ",Pack, 1 ,"120,600 "," 31,356 "
,4,2015,DJ,"1,200 ",Pack, 1 ,"1,200 ", 792 
,4,2015,DO,"66,000 ",Pack 2, 2 ,"132,000 "," 13,200 "
,4,2015,EC,"130,000 ",Pack, 1 ,"130,000 "," 318,500 "
,4,2015,ER,"8,640 ",Pack 2, 2 ,"17,280 "," 1,728 "
,4,2015,ET,"49,310 ",Pack, 1 ,"49,310 "," 12,821 "
,4,2015,FJ,"1,680 ",Pack, 1 ,"1,680 "," 1,109 "
,4,2015,GH,"25,560 ",Pack, 1 ,"25,560 "," 16,870 "
,4,2015,GN,240 ,Pack, 1 ,240 , 158 
,4,2015,GM,"7,680 ",Pack, 1 ,"7,680 "," 5,069 "
,4,2015,GW,"10,800 ",Pack, 1 ,"10,800 "," 7,128 "
,4,2015,GQ,"1,600 ",Pack 2, 2 ,"3,200 ", 320 
,4,2015,LA,960 ,Pack, 1 ,960 , 634 
,4,2015,LB,"2,100 ",Pack 100, 100 ,"210,000 "," 9,261 "
,4,2015,LB,"2,500 ",Pack 2, 2 ,"5,000 ", 500 
,4,2015,LS,"3,120 ",Pack, 1 ,"3,120 "," 2,059 "
,4,2015,MV,"1,000 ",Pack 2, 2 ,"2,000 ", 200 
,4,2015,ML,720 ,Pack, 1 ,720 , 475 
,4,2015,MM,"60,000 ",Pack, 1 ,"60,000 "," 39,600 "
,4,2015,MM,500 ,Pack 2, 2 ,"1,000 ", 100 
,4,2015,NG,"60,000 ",Pack 2, 2 ,"120,000 "," 12,000 "
,4,2015,NP,"51,840 ",Pack, 1 ,"51,840 "," 34,214 "
,4,2015,PG,"3,120 ",Pack, 1 ,"3,120 "," 2,059 "
,4,2015,PY,"8,160 ",Pack, 1 ,"8,160 "," 5,386 "
,4,2015,PY,"13,440 ",Pack 2, 2 ,"26,880 "," 2,688 "
,4,2015,RW,"2,400 ",Pack, 1 ,"2,400 "," 1,584 "
,4,2015,SL,"44,340 ",Pack, 1 ,"44,340 "," 12,379 "
,4,2015,SS,"1,440 ",Pack, 1 ,"1,440 ", 950 
,4,2015,SS,"10,000 ",Pack 2, 2 ,"20,000 "," 2,000 "
,4,2015,SC,240 ,Pack, 1 ,240 , 158 
,4,2015,TG,"11,040 ",Pack, 1 ,"11,040 "," 7,286 "
,4,2015,TZ,900 ,Pack, 1 ,900 , 234 
,4,2015,TZ,"63,200 ",Pack 2, 2 ,"126,400 "," 12,640 "
,4,2015,UY,"18,000 ",Pack, 1 ,"18,000 "," 4,680 "
,4,2015,US,"443,700 ",Pack, 1 ,"443,700 "," 110,925 "
,4,2015,ZM,"14,100 ",Pack, 1 ,"14,100 "," 2,820 "
,5,2015,BI,"200,000 ",Each, 1 ,"200,000 "," 105,400 "
,5,2015,CM,"3,335,000 ",Each, 1 ,"3,335,000 "," 1,580,545 "
,5,2015,CD,"646,000 ",Each, 1 ,"646,000 "," 340,442 "
,5,2015,CU,"10,000 ",Each, 1 ,"10,000 "," 3,500 "
,5,2015,GH,"597,000 ",Each, 1 ,"597,000 "," 3,500 "
,5,2015,GQ,"2,000 ",Each, 1 ,"2,000 ", 700 
,5,2015,GT,"22,000 ",Each, 1 ,"22,000 "," 11,924 "
,5,2015,IR,"384,000 ",Each, 1 ,"384,000 "," 202,368 "
,5,2015,KE,"700,000 ",Each, 1 ,"700,000 "," 368,900 "
,5,2015,ML,"43,244 ",Each, 1 ,"43,244 "," 15,135 "
,5,2015,MM,"10,000 ",Each, 1 ,"10,000 "," 3,500 "
,5,2015,MZ,"1,350,000 ",Each, 1 ,"1,350,000 "," 711,450 "
,5,2015,MW,"600,000 ",Each, 1 ,"600,000 "," 316,200 "
,5,2015,NG,"750,000 ",Each, 1 ,"750,000 "," 351,000 "
,5,2015,SL,"2,000 ",Each, 1 ,"2,000 ", 700 
,5,2015,TG,"223,000 ",Each, 1 ,"223,000 "," 117,521 "
,5,2015,UG,"1,500,000 ",Each, 1 ,"1,500,000 "," 790,500 "
,5,2015,US,"2,810,000 ",Each, 1 ,"2,810,000 "," 1,461,600 "
,5,2015,ZM,"1,548,000 ",Each, 1 ,"1,548,000 "," 710,923 "
,6,2015,AF,"19,000 ",Each, 1 ,"19,000 "," 1,520 "
,6,2015,AF,"19,000 ",Vial, 1 ,"19,000 "," 13,680 "
,6,2015,AO,"270,000 ",Each, 1 ,"270,000 "," 21,600 "
,6,2015,AO,"270,000 ",Vial, 1 ,"270,000 "," 194,400 "
,6,2015,AL,"20,000 ",Ampoule, 1 ,"20,000 "," 23,000 "
,6,2015,AL,"20,000 ",Each, 1 ,"20,000 "," 1,800 "
,6,2015,BI,"1,382,600 ",Each, 1 ,"1,382,600 "," 110,608 "
,6,2015,BI,"1,382,600 ",Vial, 1 ,"1,382,600 "," 995,472 "
,6,2015,BJ,"99,000 ",Ampoule, 1 ,"99,000 "," 113,850 "
,6,2015,BJ,"99,000 ",Each, 1 ,"99,000 "," 8,910 "
,6,2015,BF,"669,000 ",Each, 1 ,"669,000 "," 316,520 "
,6,2015,BF,"269,000 ",Vial, 1 ,"269,000 "," 193,680 "
,6,2015,BS,"11,000 ",Ampoule, 1 ,"11,000 "," 10,850 "
,6,2015,BS,"27,000 ",Vial, 1 ,"27,000 "," 29,700 "
,6,2015,BZ,"12,200 ",Ampoule, 1 ,"12,200 "," 14,030 "
,6,2015,BZ,"78,000 ",Each, 1 ,"78,000 "," 6,362 "
,6,2015,BZ,"65,800 ",Vial, 1 ,"65,800 "," 52,640 "
,6,2015,BT,"111,000 ",Each, 1 ,"111,000 "," 8,880 "
,6,2015,BT,"111,000 ",Vial, 1 ,"111,000 "," 79,920 "
,6,2015,CF,"4,500 ",Ampoule, 1 ,"4,500 "," 4,725 "
,6,2015,CF,"36,400 ",Each, 1 ,"36,400 "," 2,942 "
,6,2015,CF,"33,400 ",Vial, 1 ,"33,400 "," 24,048 "
,6,2015,CI,"412,000 ",Each, 1 ,"412,000 "," 412,000 "
,6,2015,CM,"10,000 ",Each, 1 ,"10,000 "," 10,000 "
,6,2015,CD,"129,000 ",Ampoule, 1 ,"129,000 "," 148,350 "
,6,2015,CD,"1,037,400 ",Each, 1 ,"1,037,400 "," 422,842 "
,6,2015,CD,"540,400 ",Vial, 1 ,"540,400 "," 392,320 "
,6,2015,CG,"116,000 ",Each, 1 ,"116,000 "," 9,280 "
,6,2015,CG,"116,000 ",Vial, 1 ,"116,000 "," 83,520 "
,6,2015,KM,"78,400 ",Ampoule, 1 ,"78,400 "," 91,660 "
,6,2015,KM,"68,400 ",Each, 1 ,"68,400 "," 6,156 "
,6,2015,CV,"64,200 ",Each, 1 ,"64,200 "," 5,136 "
,6,2015,CV,"72,975 ",Vial, 1 ,"72,975 "," 52,542 "
,6,2015,CR,"7,000 ",Ampoule, 1 ,"7,000 "," 5,950 "
,6,2015,CR,"7,000 ",Each, 1 ,"7,000 ", 630 
,6,2015,CU,"51,900 ",Ampoule, 1 ,"51,900 "," 59,685 "
,6,2015,DJ,"10,000 ",Each, 1 ,"10,000 "," 10,000 "
,6,2015,DJ,"30,000 ",Vial, 1 ,"30,000 "," 21,600 "
,6,2015,EC,"1,046,700 ",Each, 1 ,"1,046,700 "," 2,878,425 "
,6,2015,ER,"100,000 ",Each, 1 ,"100,000 "," 8,000 "
,6,2015,ER,"100,000 ",Vial, 1 ,"100,000 "," 72,000 "
,6,2015,FJ,"10,000 ",Each, 1 ,"10,000 ", 800 
,6,2015,FJ,"10,000 ",Vial, 1 ,"10,000 "," 7,200 "
,6,2015,GA,"9,600 ",Each, 1 ,"9,600 ", 768 
,6,2015,GA,"9,600 ",Vial, 1 ,"9,600 "," 6,912 "
,6,2015,GB,"201,000 ",Each, 1 ,"201,000 "," 16,080 "
,6,2015,GB,"201,000 ",Vial, 1 ,"201,000 "," 144,720 "
,6,2015,GH,"373,200 ",Ampoule, 1 ,"373,200 "," 317,220 "
,6,2015,GH,"1,095,600 ",Each, 1 ,"1,095,600 "," 91,380 "
,6,2015,GH,"722,400 ",Vial, 1 ,"722,400 "," 520,128 "
,6,2015,GN,"70,000 ",Each, 1 ,"70,000 "," 5,600 "
,6,2015,GN,"70,000 ",Vial, 1 ,"70,000 "," 50,400 "
,6,2015,GM,"65,000 ",Ampoule, 1 ,"65,000 "," 59,750 "
,6,2015,GW,"2,500 ",Ampoule, 1 ,"2,500 "," 2,875 "
,6,2015,GW,"32,500 ",Each, 1 ,"32,500 "," 7,225 "
,6,2015,GW,"25,000 ",Vial, 1 ,"25,000 "," 18,000 "
,6,2015,GT,"795,000 ",Ampoule, 1 ,"795,000 "," 816,750 "
,6,2015,GT,"1,335,025 ",Vial, 1 ,"1,335,025 "," 1,075,218 "
,6,2015,HN,"2,187,000 ",Each, 1 ,"2,187,000 "," 174,960 "
,6,2015,HN,"2,266,000 ",Vial, 1 ,"2,266,000 "," 1,862,500 "
,6,2015,HT,"421,400 ",Each, 1 ,"421,400 "," 33,712 "
,6,2015,HT,"421,400 ",Vial, 1 ,"421,400 "," 303,408 "
,6,2015,JM,"282,000 ",Each, 1 ,"282,000 "," 22,560 "
,6,2015,JM,"282,000 ",Vial, 1 ,"282,000 "," 282,000 "
,6,2015,KE,"5,000 ",Ampoule, 1 ,"5,000 "," 5,750 "
,6,2015,KE,"48,000 ",Each, 1 ,"48,000 "," 3,890 "
,6,2015,KE,"43,000 ",Vial, 1 ,"43,000 "," 30,960 "
,6,2015,KG,"40,000 ",Each, 1 ,"40,000 "," 3,200 "
,6,2015,KG,"40,000 ",Vial, 1 ,"40,000 "," 28,800 "
,6,2015,KH,"200,000 ",Each, 1 ,"200,000 "," 16,000 "
,6,2015,KH,"200,000 ",Vial, 1 ,"200,000 "," 144,000 "
,6,2015,LA,"333,000 ",Each, 1 ,"333,000 "," 29,400 "
,6,2015,LA,"330,000 ",Vial, 1 ,"330,000 "," 237,600 "
,6,2015,LB,600 ,Each, 1 ,600 , 48 
,6,2015,LB,600 ,Vial, 1 ,600 , 432 
,6,2015,LK,"300,000 ",Each, 1 ,"300,000 "," 15,000 "
,6,2015,LK,"300,000 ",Vial, 1 ,"300,000 "," 330,000 "
,6,2015,LS,"10,700 ",Ampoule, 1 ,"10,700 "," 12,305 "
,6,2015,LS,"22,100 ",Each, 1 ,"22,100 "," 1,875 "
,6,2015,LS,"11,400 ",Vial, 1 ,"11,400 "," 9,500 "
,6,2015,MG,"15,200 ",Ampoule, 1 ,"15,200 "," 17,480 "
,6,2015,MG,"2,024,000 ",Each, 1 ,"2,024,000 "," 622,072 "
,6,2015,MG,"1,508,800 ",Vial, 1 ,"1,508,800 "," 1,086,336 "
,6,2015,MV,800 ,Each, 1 ,800 , 64 
,6,2015,MV,800 ,Vial, 1 ,800 , 640 
,6,2015,ML,"337,800 ",Each, 1 ,"337,800 "," 27,024 "
,6,2015,ML,"337,800 ",Vial, 1 ,"337,800 "," 243,216 "
,6,2015,MM,"1,804,200 ",Each, 1 ,"1,804,200 "," 144,336 "
,6,2015,MM,"1,804,200 ",Vial, 1 ,"1,804,200 "," 1,307,360 "
,6,2015,MN,"60,000 ",Each, 1 ,"60,000 "," 4,800 "
,6,2015,MN,"60,000 ",Vial, 1 ,"60,000 "," 48,000 "
,6,2015,MZ,"2,380,800 ",Each, 1 ,"2,380,800 "," 586,800 "
,6,2015,MZ,"1,950,000 ",Vial, 1 ,"1,950,000 "," 1,404,000 "
,6,2015,MR,"41,200 ",Each, 1 ,"41,200 "," 3,296 "
,6,2015,MR,"41,200 ",Vial, 1 ,"41,200 "," 29,664 "
,6,2015,MW,"2,005,600 ",Each, 1 ,"2,005,600 "," 160,448 "
,6,2015,MW,"2,005,600 ",Vial, 1 ,"2,005,600 "," 1,444,032 "
,6,2015,MY,"1,000 ",Each, 1 ,"1,000 ", 80 
,6,2015,MY,"1,000 ",Vial, 1 ,"1,000 ", 800 
,6,2015,NE,"820,800 ",Each, 1 ,"820,800 "," 120,848 "
,6,2015,NE,"710,600 ",Vial, 1 ,"710,600 "," 511,632 "
,6,2015,NG,"2,601,600 ",Ampoule, 1 ,"2,601,600 "," 2,991,840 "
,6,2015,NG,"4,529,200 ",Each, 1 ,"4,529,200 "," 395,712 "
,6,2015,NG,"1,919,500 ",Vial, 1 ,"1,919,500 "," 1,378,040 "
,6,2015,NI,"4,000 ",Ampoule, 1 ,"4,000 "," 3,400 "
,6,2015,NP,"67,000 ",Each, 1 ,"67,000 "," 5,360 "
,6,2015,NP,"1,067,000 ",Vial, 1 ,"1,067,000 "," 768,240 "
,6,2015,PG,"10,600 ",Each, 1 ,"10,600 ", 848 
,6,2015,PG,"10,600 ",Vial, 1 ,"10,600 "," 7,632 "
,6,2015,PY,"440,000 ",Each, 1 ,"440,000 "," 35,200 "
,6,2015,PY,"440,000 ",Vial, 1 ,"440,000 "," 484,000 "
,6,2015,RW,"4,700 ",Ampoule, 1 ,"4,700 "," 5,075 "
,6,2015,RW,"686,800 ",Each, 1 ,"686,800 "," 54,980 "
,6,2015,RW,"683,200 ",Vial, 1 ,"683,200 "," 491,904 "
,6,2015,SD,"474,200 ",Each, 1 ,"474,200 "," 37,936 "
,6,2015,SD,"474,200 ",Vial, 1 ,"474,200 "," 312,972 "
,6,2015,SN,"1,294,000 ",Each, 1 ,"1,294,000 "," 594,800 "
,6,2015,SN,"760,000 ",Vial, 1 ,"760,000 "," 547,200 "
,6,2015,SL,"6,000 ",Ampoule, 1 ,"6,000 "," 6,900 "
,6,2015,SL,"256,000 ",Each, 1 ,"256,000 "," 20,540 "
,6,2015,SL,"250,000 ",Vial, 1 ,"250,000 "," 180,000 "
,6,2015,SV,"36,000 ",Ampoule, 1 ,"36,000 "," 30,600 "
,6,2015,SV,"54,700 ",Vial, 1 ,"54,700 "," 43,760 "
,6,2015,SO,"125,000 ",Each, 1 ,"125,000 "," 10,000 "
,6,2015,SO,"125,000 ",Vial, 1 ,"125,000 "," 90,000 "
,6,2015,SS,"71,400 ",Each, 1 ,"71,400 "," 5,712 "
,6,2015,SS,"89,350 ",Vial, 1 ,"89,350 "," 64,872 "
,6,2015,ST,"9,400 ",Each, 1 ,"9,400 ", 752 
,6,2015,ST,"9,400 ",Vial, 1 ,"9,400 "," 6,768 "
,6,2015,SC,"10,800 ",Ampoule, 1 ,"10,800 "," 12,420 "
,6,2015,SC,"10,800 ",Each, 1 ,"10,800 ", 972 
,6,2015,TG,"38,000 ",Ampoule, 1 ,"38,000 "," 43,700 "
,6,2015,TG,"495,400 ",Each, 1 ,"495,400 "," 40,012 "
,6,2015,TG,"457,400 ",Vial, 1 ,"457,400 "," 329,328 "
,6,2015,TJ,"90,000 ",Each, 1 ,"90,000 "," 7,200 "
,6,2015,TJ,"90,000 ",Vial, 1 ,"90,000 "," 64,800 "
,6,2015,TL,"240,000 ",Each, 1 ,"240,000 "," 19,200 "
,6,2015,TL,"240,000 ",Vial, 1 ,"240,000 "," 172,800 "
,6,2015,TR,"30,000 ",Ampoule, 1 ,"30,000 "," 25,500 "
,6,2015,TR,"30,000 ",Each, 1 ,"30,000 "," 2,700 "
,6,2015,TZ,"3,335,200 ",Each, 1 ,"3,335,200 "," 266,816 "
,6,2015,TZ,"3,335,200 ",Vial, 1 ,"3,335,200 "," 2,401,344 "
,6,2015,UG,"202,400 ",Each, 1 ,"202,400 "," 16,192 "
,6,2015,UG,"202,400 ",Vial, 1 ,"202,400 "," 145,728 "
,6,2015,YE,"7,800 ",Each, 1 ,"7,800 ", 624 
,6,2015,YE,"7,800 ",Vial, 1 ,"7,800 "," 5,616 "
,6,2015,ZM,"392,000 ",Ampoule, 1 ,"392,000 "," 450,800 "
,6,2015,ZM,"469,400 ",Each, 1 ,"469,400 "," 41,472 "
,6,2015,ZM,"77,400 ",Vial, 1 ,"77,400 "," 55,728 "
,6,2015,ZW,"661,800 ",Each, 1 ,"661,800 "," 52,944 "
,6,2015,ZW,"661,800 ",Vial, 1 ,"661,800 "," 476,496 "
,7,2015,AF,"30,000 ",Pack, 1 ,"30,000 "," 10,170 "
,7,2015,AL,"2,000 ",Pack, 1 ,"2,000 ", 640 
,7,2015,BJ,"39,000 ",Pack, 1 ,"39,000 "," 13,221 "
,7,2015,BF,"35,500 ",Pack, 1 ,"35,500 "," 12,035 "
,7,2015,CF,368 ,Pack, 1 ,368 , 127 
,7,2015,CH,"8,000 ",Pack, 1 ,"8,000 "," 2,752 "
,7,2015,CM,"15,000 ",Pack, 1 ,"15,000 "," 5,160 "
,7,2015,CD,"7,222 ",Pack, 1 ,"7,222 "," 2,383 "
,7,2015,CG,"10,000 ",Pack, 1 ,"10,000 "," 2,500 "
,7,2015,CO,"1,000 ",Pack, 1 ,"1,000 ", 250 
,7,2015,CV,"3,280 ",Pack, 1 ,"3,280 "," 1,138 "
,7,2015,CU,"110,000 ",Pack, 1 ,"110,000 "," 36,740 "
,7,2015,DJ,800 ,Pack, 1 ,800 , 200 
,7,2015,DO,"3,000 ",Pack, 1 ,"3,000 "," 1,032 "
,7,2015,FJ,"3,000 ",Pack, 1 ,"3,000 "," 1,041 "
,7,2015,GH,"33,050 ",Each, 1 ,"33,050 "," 11,568 "
,7,2015,GH,"7,000 ",Pack, 1 ,"7,000 "," 2,429 "
,7,2015,GN,"80,000 ",Pack, 1 ,"80,000 "," 20,000 "
,7,2015,GW,"25,000 ",Pack, 1 ,"25,000 "," 6,250 "
,7,2015,GT,"10,000 ",Pack, 1 ,"10,000 "," 3,440 "
,7,2015,HN,"94,000 ",Pack, 1 ,"94,000 "," 31,540 "
,7,2015,HT,"4,000 ",Pack, 1 ,"4,000 "," 1,000 "
,7,2015,KE,"70,000 ",Pack, 1 ,"70,000 "," 23,730 "
,7,2015,KH,"20,000 ",Pack, 1 ,"20,000 "," 5,000 "
,7,2015,LA,"32,000 ",Pack, 1 ,"32,000 "," 10,464 "
,7,2015,LB,"39,250 ",Pack, 1 ,"39,250 "," 12,280 "
,7,2015,MG,"35,996 ",Pack, 1 ,"35,996 "," 12,203 "
,7,2015,ML,"32,493 ",Pack, 1 ,"32,493 "," 11,220 "
,7,2015,MM,"57,900 ",Pack, 1 ,"57,900 "," 14,560 "
,7,2015,MZ,"44,000 ",Pack, 1 ,"44,000 "," 14,388 "
,7,2015,MW,"15,000 ",Pack, 1 ,"15,000 "," 5,205 "
,7,2015,MY,300 ,Pack, 1 ,300 , 103 
,7,2015,NE,"10,425 ",Pack, 1 ,"10,425 "," 3,586 "
,7,2015,NG,"5,000 ",Pack, 1 ,"5,000 "," 1,250 "
,7,2015,PH,"4,000 ",Pack, 1 ,"4,000 "," 1,388 "
,7,2015,PG,"3,694 ",Pack, 1 ,"3,694 ", 924 
,7,2015,SD,"2,720 ",Pack, 1 ,"2,720 ", 680 
,7,2015,SL,"51,500 ",Pack, 1 ,"51,500 "," 16,841 "
,7,2015,SV,"12,900 ",Each, 1 ,"12,900 "," 3,225 "
,7,2015,SV,"6,815 ",Pack, 1 ,"6,815 "," 1,704 "
,7,2015,SO,"28,000 ",Pack, 1 ,"28,000 "," 7,000 "
,7,2015,SS,"12,300 ",Pack, 1 ,"12,300 "," 3,075 "
,7,2015,SC,120 ,Pack, 1 ,120 , 41 
,7,2015,TL,"2,000 ",Pack, 1 ,"2,000 ", 688 
,7,2015,TR,"40,000 ",Pack, 1 ,"40,000 "," 13,760 "
,7,2015,TZ,"151,294 ",Pack, 1 ,"151,294 "," 49,511 "
,7,2015,UG,"230,000 ",Pack, 1 ,"230,000 "," 57,500 "
,7,2015,ZM,"49,800 ",Pack, 1 ,"49,800 "," 13,672 "
,8,2015,CM,2 ,Each, 1 ,2 ," 1,490 "
,8,2015,EC,4 ,Lot, 1 ,4 ," 29,470 "
,8,2015,GW,6 ,Each, 1 ,6 ," 2,250 "
,8,2015,GT,1 ,Batch, 1 ,1 ," 5,467 "
,8,2015,KZ,1 ,Each, 1 ,1 ," 1,360 "
,8,2015,LB,1 ,Each, 1 ,1 , 700 
,8,2015,MG,1 ,Each, 1 ,1 ," 5,674 "
,8,2015,MN,1 ,Each, 1 ,1 ," 1,012 "
,8,2015,NG,4 ,Each, 1 ,4 ," 38,488 "
,8,2015,SD,1 ,Each, 1 ,1 ," 2,885 "
,8,2015,SV,6 ,Each, 1 ,6 ," 1,020 "
,8,2015,UG,1 ,Each, 1 ,1 ," 5,500 "
,8,2015,ZW,1 ,Each, 1 ,1 , 253 
,9,2015,BJ,270 ,Pack 1000," 1,000 ","270,000 "," 6,094 "
,9,2015,BZ,10 ,Pack 1000," 1,000 ","10,000 ", 563 
,9,2015,BT,6 ,Pack 1000," 1,000 ","6,000 ", 360 
,9,2015,CI,"118,250 ",Each, 1 ,"118,250 "," 82,775 "
,9,2015,CM,91 ,Pack 1000," 1,000 ","91,000 "," 2,054 "
,9,2015,CD,"2,154 ",Pack 1000," 1,000 ","2,154,000 "," 48,616 "
,9,2015,CR,402 ,Pack 1000," 1,000 ","402,000 "," 24,120 "
,9,2015,CU,"1,000 ",Pack 1000," 1,000 ","1,000,000 "," 50,706 "
,9,2015,FJ,29 ,Pack 1000," 1,000 ","29,000 "," 1,634 "
,9,2015,GN,20 ,Pack 1000," 1,000 ","20,000 ", 451 
,9,2015,HT,25 ,Pack 1000," 1,000 ","25,000 ", 564 
,9,2015,KG,734 ,Pack 1000," 1,000 ","734,000 "," 16,566 "
,9,2015,KH,"1,348 ",Pack 1000," 1,000 ","1,348,000 "," 30,424 "
,9,2015,MG,505 ,Pack 1000," 1,000 ","505,000 "," 11,398 "
,9,2015,MM,837 ,Pack 1000," 1,000 ","837,000 "," 50,220 "
,9,2015,MN,148 ,Pack 1000," 1,000 ","148,000 "," 3,640 "
,9,2015,NG,"1,000 ",Pack 1000," 1,000 ","1,000,000 "," 41,285 "
,9,2015,PK,"3,309 ",Pack 1000," 1,000 ","3,309,000 "," 156,185 "
,9,2015,PG,288 ,Pack 1000," 1,000 ","288,000 "," 6,500 "
,9,2015,SL,296 ,Pack 1000," 1,000 ","296,000 "," 17,760 "
,9,2015,TG,115 ,Pack 1000," 1,000 ","115,000 "," 2,596 "
,9,2015,TJ,"3,000 ",Pack 1000," 1,000 ","3,000,000 "," 67,710 "
,9,2015,ZW,490 ,Pack 1000," 1,000 ","490,000 "," 29,400 "
,10,2015,AF,"4,950 ",Gross, 144 ,"712,800 "," 20,048 "
,10,2015,AM,"11,500 ",Gross, 144 ,"1,656,000 "," 43,700 "
,10,2015,AZ,"13,889 ",Gross, 144 ,"2,000,016 "," 51,945 "
,10,2015,BF,"87,000 ",Gross, 144 ,"12,528,000 "," 304,500 "
,10,2015,BA,"5,280 ",Gross, 144 ,"760,320 "," 12,276 "
,10,2015,BZ,"6,000 ",Gross, 144 ,"864,000 "," 25,800 "
,10,2015,BT,"11,000 ",Gross, 144 ,"1,584,000 "," 40,700 "
,10,2015,CI,"12,000 ",Gross, 144 ,"1,728,000 "," 51,864 "
,10,2015,CM,"108,300 ",Gross, 144 ,"15,595,200 "," 379,330 "
,10,2015,CD,"322,197 ",Gross, 144 ,"46,396,368 "," 1,136,262 "
,10,2015,CG,"48,610 ",Gross, 144 ,"6,999,840 "," 181,801 "
,10,2015,CR,"2,000 ",Gross, 144 ,"288,000 "," 8,940 "
,10,2015,CU,"26,838 ",Gross, 144 ,"3,864,672 "," 106,010 "
,10,2015,EC,"151,159 ",Gross, 144 ,"21,766,896 "," 525,654 "
,10,2015,FJ,"10,000 ",Gross, 144 ,"1,440,000 "," 38,000 "
,10,2015,GH,"228,465 ",Gross, 144 ,"32,898,960 "," 948,130 "
,10,2015,GN,"70,000 ",Gross, 144 ,"10,080,000 "," 261,800 "
,10,2015,GW,"18,505 ",Gross, 144 ,"2,664,720 "," 78,187 "
,10,2015,GQ,"7,000 ",Gross, 144 ,"1,008,000 "," 27,790 "
,10,2015,HN,"69,450 ",Gross, 144 ,"10,000,800 "," 316,275 "
,10,2015,HT,"161,150 ",Gross, 144 ,"23,205,600 "," 580,140 "
,10,2015,IR,"24,938 ",Gross, 144 ,"3,591,072 "," 92,719 "
,10,2015,KZ,"31,052 ",Gross, 144 ,"4,471,488 "," 61,638 "
,10,2015,KE,"373,396 ",Gross, 144 ,"53,769,024 "," 1,456,244 "
,10,2015,KG,"10,606 ",Gross, 144 ,"1,527,264 "," 41,811 "
,10,2015,KH,"39,795 ",Gross, 144 ,"5,730,480 "," 161,076 "
,10,2015,XK,"20,838 ",Gross, 144 ,"3,000,672 "," 52,408 "
,10,2015,LA,"74,590 ",Gross, 144 ,"10,740,960 "," 302,280 "
,10,2015,LR,"44,870 ",Gross, 144 ,"6,461,280 "," 193,928 "
,10,2015,MV,825 ,Gross, 144 ,"118,800 "," 3,960 "
,10,2015,ML,"30,125 ",Gross, 144 ,"4,338,000 "," 112,969 "
,10,2015,MM,"89,359 ",Gross, 144 ,"12,867,696 "," 339,075 "
,10,2015,MN,"7,950 ",Gross, 144 ,"1,144,800 "," 29,415 "
,10,2015,MZ,"95,000 ",Gross, 144 ,"13,680,000 "," 420,583 "
,10,2015,MW,"309,073 ",Gross, 144 ,"44,506,512 "," 1,105,263 "
,10,2015,NG,"686,657 ",Gross, 144 ,"98,878,608 "," 2,756,494 "
,10,2015,NL,"36,000 ",Gross, 144 ,"5,184,000 "," 135,000 "
,10,2015,PY,"10,496 ",Gross, 144 ,"1,511,424 "," 44,818 "
,10,2015,RW,"32,250 ",Gross, 144 ,"4,644,000 "," 139,385 "
,10,2015,SL,"55,005 ",Gross, 144 ,"7,920,720 "," 282,086 "
,10,2015,SV,"11,100 ",Gross, 144 ,"1,598,400 "," 42,180 "
,10,2015,SS,"47,230 ",Gross, 144 ,"6,801,120 "," 201,672 "
,10,2015,TG,"22,000 ",Gross, 144 ,"3,168,000 "," 84,700 "
,10,2015,TH,150 ,Gross, 144 ,"21,600 "," 1,028 "
,10,2015,TJ,"130,642 ",Gross, 144 ,"18,812,448 "," 332,150 "
,10,2015,UG,"73,334 ",Gross, 144 ,"10,560,096 "," 283,803 "
,10,2015,US,"950,000 ",Gross, 144 ,"136,800,000 "," 3,704,525 "
,10,2015,ZM,"173,850 ",Gross, 144 ,"25,034,400 "," 678,015 "
,10,2015,ZW,1 ,Each, 1 ,1 , - 
,10,2015,ZW,"12,495 ",Gross, 144 ,"1,799,280 "," 8,895 "
,11,2015,AF,"13,920 ",Cycles, 1 ,"13,920 "," 4,176 "
,11,2015,AO,"110,001 ",Cycles, 1 ,"110,001 "," 33,000 "
,11,2015,AL,"15,000 ",Cycles, 1 ,"15,000 "," 4,500 "
,11,2015,BI,"111,108 ",Cycles, 1 ,"111,108 "," 33,332 "
,11,2015,BJ,"93,000 ",Cycles, 1 ,"93,000 "," 27,900 "
,11,2015,BF,"5,001 ",Cycles, 1 ,"5,001 "," 1,500 "
,11,2015,CF,"21,440 ",Cycles, 1 ,"21,440 "," 8,698 "
,11,2015,CM,"29,079 ",Cycles, 1 ,"29,079 "," 8,724 "
,11,2015,CD,"504,324 ",Cycles, 1 ,"504,324 "," 151,297 "
,11,2015,DJ,"20,000 ",Cycles, 1 ,"20,000 "," 6,000 "
,11,2015,DO,"28,002 ",Cycles, 1 ,"28,002 "," 8,401 "
,11,2015,EC,"200,001 ",Cycles, 1 ,"200,001 "," 60,000 "
,11,2015,FJ,"43,875 ",Cycles, 1 ,"43,875 "," 13,163 "
,11,2015,GN,"80,400 ",Cycles, 1 ,"80,400 "," 24,120 "
,11,2015,GM,"21,600 ",Cycles, 1 ,"21,600 "," 6,480 "
,11,2015,GW,"28,440 ",Cycles, 1 ,"28,440 "," 8,532 "
,11,2015,HT,"40,218 ",Cycles, 1 ,"40,218 "," 12,065 "
,11,2015,KE,"26,001 ",Cycles, 1 ,"26,001 "," 7,800 "
,11,2015,KH,"99,999 ",Cycles, 1 ,"99,999 "," 30,000 "
,11,2015,LB,"29,400 ",Cycles, 1 ,"29,400 "," 8,820 "
,11,2015,LR,"94,878 ",Cycles, 1 ,"94,878 "," 28,463 "
,11,2015,LS,"6,543 ",Cycles, 1 ,"6,543 "," 1,963 "
,11,2015,ML,"62,776 ",Cycles, 1 ,"62,776 "," 19,081 "
,11,2015,MR,"84,384 ",Cycles, 1 ,"84,384 "," 25,315 "
,11,2015,NE,"404,262 ",Cycles, 1 ,"404,262 "," 121,279 "
,11,2015,NG,"791,388 ",Cycles, 1 ,"791,388 "," 284,291 "
,11,2015,PH,"10,000 ",Cycles, 1 ,"10,000 "," 4,133 "
,11,2015,PG,"2,100 ",Cycles, 1 ,"2,100 ", 630 
,11,2015,RW,"98,640 ",Cycles, 1 ,"98,640 "," 29,592 "
,11,2015,SD,"1,786,368 ",Cycles, 1 ,"1,786,368 "," 714,547 "
,11,2015,SN,"116,640 ",Cycles, 1 ,"116,640 "," 34,992 "
,11,2015,SL,"234,000 ",Cycles, 1 ,"234,000 "," 70,200 "
,11,2015,SO,"82,080 ",Cycles, 1 ,"82,080 "," 24,624 "
,11,2015,SS,"12,300 ",Cycles, 1 ,"12,300 "," 3,690 "
,11,2015,ST,500 ,Cycles, 1 ,500 , 150 
,11,2015,SC,"9,820 ",Cycles, 1 ,"9,820 "," 2,946 "
,11,2015,TG,"26,572 ",Cycles, 1 ,"26,572 "," 10,982 "
,11,2015,TZ,"10,199 ",Cycles, 1 ,"10,199 "," 3,060 "
,11,2015,UG,"58,896 ",Cycles, 1 ,"58,896 "," 17,669 "
,11,2015,YE,"24,400 ",Cycles, 1 ,"24,400 "," 7,320 "
,11,2015,ZM,"93,765 ",Cycles, 1 ,"93,765 "," 28,130 "
,12,2015,AF,1 ,Each, 1 ,1 ," 1,265 "
,12,2015,AM,1 ,Each, 1 ,1 , 495 
,12,2015,AZ,1 ,Each, 1 ,1 , 310 
,12,2015,BI,1 ,Each, 1 ,1 , 525 
,12,2015,BA,1 ,Each, 1 ,1 , 495 
,12,2015,BZ,5 ,Each, 1 ,5 ," 1,060 "
,12,2015,BT,2 ,Each, 1 ,2 , 760 
,12,2015,CI,5 ,Each, 1 ,5 ," 1,330 "
,12,2015,CM,6 ,Each, 1 ,6 ," 5,565 "
,12,2015,CD,92 ,Each, 1 ,92 ," 41,710 "
,12,2015,CR,1 ,Lot, 1 ,1 , 600 
,12,2015,CU,2 ,Each, 1 ,2 , 395 
,12,2015,DJ,1 ,Each, 1 ,1 , 400 
,12,2015,ET,1 ,Each, 1 ,1 ," 1,260 "
,12,2015,FJ,1 ,Each, 1 ,1 , 450 
,12,2015,GH,8 ,Each, 1 ,8 ," 3,205 "
,12,2015,GN,1 ,Each, 1 ,1 ," 8,710 "
,12,2015,GW,1 ,Each, 1 ,1 , 450 
,12,2015,GT,1 ,Each, 1 ,1 , 525 
,12,2015,HN,2 ,Each, 1 ,2 , 640 
,12,2015,KZ,1 ,Each, 1 ,1 , 575 
,12,2015,KE,2 ,Each, 1 ,2 ," 2,095 "
,12,2015,KG,1 ,Each, 1 ,1 , 290 
,12,2015,KH,1 ,Each, 1 ,1 , 300 
,12,2015,KH,1 ,Lump Sum, 1 ,1 , 495 
,12,2015,XK,1 ,Each, 1 ,1 , 310 
,12,2015,LA,2 ,Each, 1 ,2 ," 2,425 "
,12,2015,MV,1 ,Each, 1 ,1 , 525 
,12,2015,ML,2 ,Each, 1 ,2 ," 1,410 "
,12,2015,MM,3 ,Each, 1 ,3 ," 2,965 "
,12,2015,MN,1 ,Each, 1 ,1 , 450 
,12,2015,MZ,1 ,Each, 1 ,1 , 263 
,12,2015,MW,3 ,Each, 1 ,3 ," 8,265 "
,12,2015,NG,6 ,Each, 1 ,6 ," 10,475 "
,12,2015,PY,1 ,Each, 1 ,1 , 495 
,12,2015,SL,2 ,Each, 1 ,2 ," 1,910 "
,12,2015,SV,2 ,Each, 1 ,2 , 522 
,12,2015,SS,1 ,Each, 1 ,1 ," 1,380 "
,12,2015,TG,4 ,Each, 1 ,4 ," 5,104 "
,12,2015,TJ,2 ,Each, 1 ,2 ," 3,010 "
,12,2015,UG,2 ,Each, 1 ,2 ," 1,290 "
,12,2015,UA,1 ,Each, 1 ,1 , 670 
,12,2015,US,5 ,Each, 1 ,5 ," 4,009 "
,12,2015,US,1 ,Lump Sum, 1 ,1 ," 4,350 "
,12,2015,ZM,5 ,Each, 1 ,5 ," 3,990 "
,12,2015,ZW,1 ,Each, 1 ,1 , 600 
,13,2015,AF,"11,200 ",Set, 1 ,"11,200 "," 95,200 "
,13,2015,BI,"134,500 ",Set, 1 ,"134,500 "," 1,143,250 "
,13,2015,BJ,"218,300 ",Set, 1 ,"218,300 "," 1,855,550 "
,13,2015,BF,"299,628 ",Set, 1 ,"299,628 "," 2,543,574 "
,13,2015,BS,700 ,Set, 1 ,700 ," 5,950 "
,13,2015,BO,"51,100 ",Set, 1 ,"51,100 "," 434,350 "
,13,2015,CF,500 ,Set, 1 ,500 ," 4,250 "
,13,2015,CI,"16,640 ",Set, 1 ,"16,640 "," 136,544 "
,13,2015,CM,"77,096 ",Set, 1 ,"77,096 "," 643,892 "
,13,2015,CD,"304,892 ",Set, 1 ,"304,892 "," 2,589,950 "
,13,2015,CG,"6,200 ",Set, 1 ,"6,200 "," 52,700 "
,13,2015,CO,300 ,Set, 1 ,300 ," 2,550 "
,13,2015,KM,"1,008 ",Set, 1 ,"1,008 "," 8,568 "
,13,2015,CR,624 ,Set, 1 ,624 ," 26,966 "
,13,2015,CU,"1,500 ",Set, 1 ,"1,500 "," 12,750 "
,13,2015,DJ,500 ,Set, 1 ,500 ," 4,250 "
,13,2015,EC,"83,240 ",Set, 1 ,"83,240 "," 1,175,790 "
,13,2015,ET,"1,001,632 ",Set, 1 ,"1,001,632 "," 8,438,800 "
,13,2015,FJ,"15,000 ",Set, 1 ,"15,000 "," 127,500 "
,13,2015,GB,"197,344 ",Set, 1 ,"197,344 "," 1,762,424 "
,13,2015,GH,"192,028 ",Set, 1 ,"192,028 "," 1,614,286 "
,13,2015,GN,"45,000 ",Set, 1 ,"45,000 "," 382,500 "
,13,2015,GM,"30,272 ",Set, 1 ,"30,272 "," 255,680 "
,13,2015,GW,"57,400 ",Set, 1 ,"57,400 "," 487,900 "
,13,2015,HN,"91,648 ",Set, 1 ,"91,648 "," 777,376 "
,13,2015,HT,"9,300 ",Set, 1 ,"9,300 "," 79,050 "
,13,2015,JM,"2,800 ",Set, 1 ,"2,800 "," 23,800 "
,13,2015,KE,"413,468 ",Set, 1 ,"413,468 "," 3,426,350 "
,13,2015,KH,"9,992 ",Set, 1 ,"9,992 "," 42,500 "
,13,2015,LA,"20,768 ",Set, 1 ,"20,768 "," 170,000 "
,13,2015,LR,"33,600 ",Set, 1 ,"33,600 "," 285,600 "
,13,2015,LS,"1,500 ",Set, 1 ,"1,500 "," 12,750 "
,13,2015,MG,"47,752 ",Set, 1 ,"47,752 "," 396,100 "
,13,2015,MV,320 ,Set, 1 ,320 ," 2,720 "
,13,2015,ML,"196,405 ",Set, 1 ,"196,405 "," 1,664,343 "
,13,2015,MM,"122,496 ",Set, 1 ,"122,496 "," 1,041,216 "
,13,2015,MZ,"20,000 ",Set, 1 ,"20,000 "," 170,000 "
,13,2015,MR,"18,054 ",Set, 1 ,"18,054 "," 148,563 "
,13,2015,MW,"283,756 ",Set, 1 ,"283,756 "," 2,398,870 "
,13,2015,NE,"13,700 ",Set, 1 ,"13,700 "," 116,450 "
,13,2015,NG,"584,085 ",Set, 1 ,"584,085 "," 4,905,971 "
,13,2015,NP,"91,840 ",Set, 1 ,"91,840 "," 780,640 "
,13,2015,PA,"2,258 ",Set, 1 ,"2,258 "," 125,006 "
,13,2015,PH,"2,300 ",Set, 1 ,"2,300 "," 19,550 "
,13,2015,PG,"95,800 ",Set, 1 ,"95,800 "," 814,300 "
,13,2015,RW,"28,112 ",Set, 1 ,"28,112 "," 238,952 "
,13,2015,SD,"29,568 ",Set, 1 ,"29,568 "," 251,328 "
,13,2015,SN,"57,400 ",Set, 1 ,"57,400 "," 487,900 "
,13,2015,SL,"68,500 ",Set, 1 ,"68,500 "," 582,250 "
,13,2015,SV,"1,975 ",Set, 1 ,"1,975 "," 32,588 "
,13,2015,SO,"50,576 ",Set, 1 ,"50,576 "," 425,000 "
,13,2015,SS,"51,900 ",Set, 1 ,"51,900 "," 441,150 "
,13,2015,TG,"52,368 ",Set, 1 ,"52,368 "," 438,600 "
,13,2015,TJ,"3,500 ",Set, 1 ,"3,500 "," 29,750 "
,13,2015,TL,"12,000 ",Set, 1 ,"12,000 "," 102,000 "
,13,2015,TZ,"447,623 ",Set, 1 ,"447,623 "," 3,804,796 "
,13,2015,UY,"10,000 ",Set, 1 ,"10,000 "," 85,000 "
,13,2015,VE,"5,100 ",Set, 1 ,"5,100 "," 43,350 "
,13,2015,YE,"14,016 ",Set, 1 ,"14,016 "," 119,136 "
,13,2015,ZA,"2,500 ",Set, 1 ,"2,500 "," 21,250 "
,13,2015,ZM,"358,437 ",Set, 1 ,"358,437 "," 3,033,650 "
,13,2015,ZW,"84,000 ",Set, 1 ,"84,000 "," 714,000 "
,14,2015,AM,1 ,Each, 1 ,1 ," 1,020 "
,14,2015,AZ,1 ,Each, 1 ,1 , 850 
,14,2015,BI,1 ,Batch, 1 ,1 , 395 
,14,2015,BI,1 ,Each, 1 ,1 , 630 
,14,2015,BF,3 ,Each, 1 ,3 ," 14,275 "
,14,2015,BA,1 ,Each, 1 ,1 , 310 
,14,2015,BT,2 ,Each, 1 ,2 ," 1,325 "
,14,2015,CF,1 ,Each, 1 ,1 ," 2,820 "
,14,2015,CM,3 ,Each, 1 ,3 ," 15,048 "
,14,2015,CD,47 ,Each, 1 ,47 ," 11,985 "
,14,2015,CG,1 ,Each, 1 ,1 ," 6,315 "
,14,2015,CR,1 ,Lot, 1 ,1 , 253 
,14,2015,CU,3 ,Each, 1 ,3 ," 3,215 "
,14,2015,FJ,1 ,Each, 1 ,1 ," 1,265 "
,14,2015,GH,71 ,Each, 1 ,71 ," 33,140 "
,14,2015,GN,1 ,Each, 1 ,1 , 630 
,14,2015,GW,2 ,Each, 1 ,2 , 922 
,14,2015,GT,1 ,Each, 1 ,1 , 395 
,14,2015,HN,24 ,Each, 1 ,24 ," 6,065 "
,14,2015,KE,2 ,Each, 1 ,2 ," 3,885 "
,14,2015,KG,1 ,Each, 1 ,1 ," 1,561 "
,14,2015,KH,1 ,Each, 1 ,1 ," 2,783 "
,14,2015,KH,1 ,Lump Sum, 1 ,1 , 645 
,14,2015,XK,1 ,Each, 1 ,1 , 908 
,14,2015,LA,2 ,Each, 1 ,2 ," 2,270 "
,14,2015,LR,2 ,Each, 1 ,2 ," 3,895 "
,14,2015,MV,1 ,Each, 1 ,1 , 270 
,14,2015,ML,1 ,Batch, 1 ,1 , 355 
,14,2015,ML,1 ,Each, 1 ,1 ," 3,795 "
,14,2015,MM,6 ,Each, 1 ,6 ," 9,030 "
,14,2015,MZ,3 ,Each, 1 ,3 ," 10,640 "
,14,2015,MW,4 ,Each, 1 ,4 ," 36,921 "
,14,2015,NG,4 ,Each, 1 ,4 ," 15,049 "
,14,2015,PY,1 ,Each, 1 ,1 ," 1,012 "
,14,2015,RW,11 ,Each, 1 ,11 ," 2,895 "
,14,2015,SL,2 ,Each, 1 ,2 ," 5,408 "
,14,2015,SO,1 ,Each, 1 ,1 , 400 
,14,2015,SS,1 ,Each, 1 ,1 ," 6,072 "
,14,2015,TJ,2 ,Each, 1 ,2 ," 13,145 "
,14,2015,UG,1 ,Each, 1 ,1 ," 1,620 "
,14,2015,US,1 ,Each, 1 ,1 ," 1,580 "
,14,2015,US,1 ,Lump Sum, 1 ,1 ," 12,580 "
,14,2015,ZM,5 ,Each, 1 ,5 ," 15,636 "
,16,2015,BF,960 ,Each, 1 ,960 ," 222,003 "
,16,2015,BD,16 ,Each, 1 ,16 ," 6,542 "
,16,2015,CF,7 ,Each, 1 ,7 ," 35,629 "
,16,2015,CI,192 ,Each, 1 ,192 ," 118,960 "
,16,2015,CM,92 ,Each, 1 ,92 ," 73,409 "
,16,2015,CD,34 ,Each, 1 ,34 ," 4,438 "
,16,2015,CR,4 ,Each, 1 ,4 ," 1,812 "
,16,2015,DO,7 ,Each, 1 ,7 ," 1,137 "
,16,2015,ER,10 ,Each, 1 ,10 ," 4,980 "
,16,2015,FJ,1 ,Each, 1 ,1 , 511 
,16,2015,GH,15 ,Each, 1 ,15 ," 6,240 "
,16,2015,GN,50 ,Each, 1 ,50 ," 47,353 "
,16,2015,GM,43 ,Each, 1 ,43 ," 56,815 "
,16,2015,GW,25 ,Each, 1 ,25 ," 6,387 "
,16,2015,GQ,24 ,Each, 1 ,24 ," 44,364 "
,16,2015,HN,23 ,Each, 1 ,23 ," 5,730 "
,16,2015,HT,5 ,Each, 1 ,5 , 746 
,16,2015,IQ,10 ,Each, 1 ,10 ," 153,134 "
,16,2015,KE,"1,039 ",Each, 1 ,"1,039 "," 954,864 "
,16,2015,LR,36 ,Each, 1 ,36 ," 8,811 "
,16,2015,MG,26 ,Each, 1 ,26 ," 3,343 "
,16,2015,ML,37 ,Each, 1 ,37 ," 19,223 "
,16,2015,MN,2 ,Each, 1 ,2 , 713 
,16,2015,MR,25 ,Each, 1 ,25 ," 14,426 "
,16,2015,MW,122 ,Each, 1 ,122 ," 38,229 "
,16,2015,NE,155 ,Each, 1 ,155 ," 37,110 "
,16,2015,NG,60 ,Each, 1 ,60 ," 5,850 "
,16,2015,PH,14 ,Each, 1 ,14 ," 1,248 "
,16,2015,PY,18 ,Each, 1 ,18 ," 1,649 "
,16,2015,SD,300 ,Each, 1 ,300 ," 105,947 "
,16,2015,SN,914 ,Each, 1 ,914 ," 389,109 "
,16,2015,SL,442 ,Each, 1 ,442 ," 188,005 "
,16,2015,SS,77 ,Each, 1 ,77 ," 22,317 "
,16,2015,TG,20 ,Each, 1 ,20 ," 17,608 "
,16,2015,TJ,20 ,Each, 1 ,20 ," 12,301 "
,16,2015,TJ,4 ,Kit, 1 ,4 ," 4,429 "
,16,2015,TJ,4 ,Set, 1 ,4 ," 2,972 "
,16,2015,TZ,409 ,Each, 1 ,409 ," 46,919 "
,17,2015,BF,640 ,Each, 1 ,640 ," 82,720 "
,17,2015,BS,7 ,Each, 1 ,7 , 569 
,17,2015,BZ,66 ,Each, 1 ,66 ," 9,680 "
,17,2015,BZ,10 ,Pack 6, 6 ,60 , 667 
,17,2015,CI,110 ,Each, 1 ,110 ," 23,115 "
,17,2015,CM,260 ,Each, 1 ,260 ," 67,910 "
,17,2015,CD,140 ,Each, 1 ,140 ," 36,583 "
,17,2015,CR,940 ,Each, 1 ,940 ," 52,027 "
,17,2015,DO,11 ,Each, 1 ,11 ," 5,697 "
,17,2015,EG,53 ,Each, 1 ,53 ," 9,984 "
,17,2015,KZ,29 ,Each, 1 ,29 ," 5,163 "
,17,2015,LA,240 ,Each, 1 ,240 ," 9,126 "
,17,2015,LR,"1,600 ",Each, 1 ,"1,600 "," 83,200 "
,17,2015,MG,12 ,Each, 1 ,12 ," 6,660 "
,17,2015,ML,200 ,Each, 1 ,200 ," 11,300 "
,17,2015,MR,56 ,Each, 1 ,56 ," 6,710 "
,17,2015,MR,4 ,Pack 6, 6 ,24 , 267 
,17,2015,MR,4 ,Pack 8, 8 ,32 , 560 
,17,2015,MY,24 ,Each, 1 ,24 ," 1,996 "
,17,2015,MY,7 ,Pack 6, 6 ,42 , 467 
,17,2015,MY,7 ,Pack 8, 8 ,56 , 980 
,17,2015,NG,230 ,Each, 1 ,230 ," 42,440 "
,17,2015,NP,191 ,Each, 1 ,191 ," 15,024 "
,17,2015,NP,4 ,Pack 6, 6 ,24 , 267 
,17,2015,PK,111 ,Each, 1 ,111 ," 18,477 "
,17,2015,PK,20 ,Pack 6, 6 ,120 ," 1,333 "
,17,2015,PA,11 ,Each, 1 ,11 ," 9,940 "
,17,2015,PY,14 ,Each, 1 ,14 ," 16,107 "
,17,2015,RW,180 ,Each, 1 ,180 ," 9,914 "
,17,2015,SN,100 ,Each, 1 ,100 ," 45,000 "
,17,2015,SS,25 ,Each, 1 ,25 ," 4,900 "
,17,2015,TJ,13 ,Each, 1 ,13 ," 11,402 "
,17,2015,US,56 ,Each, 1 ,56 ," 14,723 "
,17,2015,ZW,248 ,Each, 1 ,248 ," 36,112 "
,17,2015,ZW,24 ,Pack 8, 8 ,192 ," 3,360 "
,18,2015,BF,239 ,Each, 1 ,239 ," 102,461 "
,18,2015,BD,89 ,Each, 1 ,89 ," 59,164 "
,18,2015,CF,22 ,Each, 1 ,22 ," 18,817 "
,18,2015,CI,341 ,Each, 1 ,341 ," 63,209 "
,18,2015,CM,599 ,Each, 1 ,599 ," 214,723 "
,18,2015,CG,27 ,Each, 1 ,27 ," 17,560 "
,18,2015,FJ,22 ,Each, 1 ,22 ," 6,521 "
,18,2015,GH,13 ,Each, 1 ,13 ," 4,867 "
,18,2015,GN,"1,036 ",Each, 1 ,"1,036 "," 373,310 "
,18,2015,GM,40 ,Each, 1 ,40 ," 20,200 "
,18,2015,GW,55 ,Each, 1 ,55 ," 5,939 "
,18,2015,HN,215 ,Each, 1 ,215 ," 34,251 "
,18,2015,HT,39 ,Each, 1 ,39 ," 5,840 "
,18,2015,IQ,320 ,Each, 1 ,320 ," 118,000 "
,18,2015,KE,"1,868 ",Each, 1 ,"1,868 "," 517,425 "
,18,2015,LR,"1,578 ",Each, 1 ,"1,578 "," 83,709 "
,18,2015,MG,59 ,Each, 1 ,59 ," 19,440 "
,18,2015,ML,486 ,Each, 1 ,486 ," 256,920 "
,18,2015,MN,19 ,Each, 1 ,19 ," 3,489 "
,18,2015,MN,35 ,Pack 100, 100 ,"3,500 ", 88 
,18,2015,MR,59 ,Each, 1 ,59 ," 14,368 "
,18,2015,MW,36 ,Each, 1 ,36 ," 16,783 "
,18,2015,NE,24 ,Each, 1 ,24 ," 59,043 "
,18,2015,NP,160 ,Each, 1 ,160 ," 35,734 "
,18,2015,PH,77 ,Each, 1 ,77 ," 16,057 "
,18,2015,PY,9 ,Each, 1 ,9 ," 1,833 "
,18,2015,PS,44 ,Each, 1 ,44 ," 10,050 "
,18,2015,RW,23 ,Each, 1 ,23 ," 5,126 "
,18,2015,SD,57 ,Each, 1 ,57 ," 23,643 "
,18,2015,SN,77 ,Each, 1 ,77 ," 31,813 "
,18,2015,SL,"1,830 ",Each, 1 ,"1,830 "," 485,382 "
,18,2015,SS,110 ,Each, 1 ,110 ," 20,706 "
,18,2015,ST,15 ,Each, 1 ,15 ," 4,573 "
,18,2015,TG,205 ,Each, 1 ,205 ," 19,912 "
,18,2015,TZ,92 ,Each, 1 ,92 ," 18,080 "
,18,2015,ZW,249 ,Each, 1 ,249 ," 61,981 "
,19,2015,BF,51 ,Lump Sum, 1 ,51 , 7 
,19,2015,CM,784 ,Lump Sum, 1 ,784 , 0 
,19,2015,ET,"25,000 ",Each, 1 ,"25,000 "," 58,250 "
,19,2015,ET,"5,500 ",Kit, 1 ,"5,500 "," 12,815 "
,19,2015,ET,1 ,Lump Sum, 1 ,1 ," 25,500 "
,19,2015,GW,1 ,Each, 1 ,1 , 197 
,19,2015,KE,1 ,Lump Sum, 1 ,1 , 750 
,19,2015,LR,"1,680 ",Each, 1 ,"1,680 "," 4,519 "
,19,2015,MG,"2,330 ",Lump Sum, 1 ,"2,330 "," 6,268 "
,19,2015,ML,1 ,Lump Sum, 1 ,1 ," 5,918 "
,19,2015,MR,2 ,Lump Sum, 1 ,2 , 250 
,19,2015,NP,"6,720 ",Each, 1 ,"6,720 "," 2,822 "
,19,2015,SS,1 ,Lump Sum, 1 ,1 ," 25,850 "
,20,2015,MG,40 ,Each, 1 ,40 ," 15,164 "
,20,2015,ML,6 ,Each, 1 ,6 ," 5,650 "
,20,2015,MN,3 ,Each, 1 ,3 ," 2,390 "
,20,2015,MR,2 ,Each, 1 ,2 ," 3,578 "
,20,2015,SD,500 ,Pack 100, 100 ,"50,000 "," 20,600 "
,20,2015,ST,10 ,Bottle, 1 ,10 , 56 
,20,2015,ST,343 ,Each, 1 ,343 ," 46,747 "
,20,2015,TG,5 ,Each, 1 ,5 ," 4,600 "
,20,2015,US,10 ,Pack 200, 200 ,"2,000 ", 902 
,20,2015,US,5 ,Set, 1 ,5 ," 3,502 "
,21,2015,BI,12 ,Each, 1 ,12 ," 1,743 "
,21,2015,BF,23 ,Each, 1 ,23 ," 21,032 "
,21,2015,BS,50 ,Each, 1 ,50 ," 2,500 "
,21,2015,CF,171 ,Each, 1 ,171 , 450 
,21,2015,CI,171 ,Each, 1 ,171 ," 15,538 "
,21,2015,CI,6 ,Set, 1 ,6 , 443 
,21,2015,CM,"1,276 ",Each, 1 ,"1,276 "," 80,059 "
,21,2015,CD,120 ,Each, 1 ,120 , 336 
,21,2015,CR,60 ,Each, 1 ,60 ," 2,539 "
,21,2015,DO,10 ,Set, 1 ,10 , 871 
,21,2015,ER,317 ,Each, 1 ,317 ," 9,004 "
,21,2015,FJ,"2,144 ",Each, 1 ,"2,144 "," 39,533 "
,21,2015,GH,4 ,Each, 1 ,4 ," 16,746 "
,21,2015,GN,20 ,Each, 1 ,20 ," 1,000 "
,21,2015,GM,48 ,Each, 1 ,48 ," 33,676 "
,21,2015,GW,78 ,Each, 1 ,78 ," 10,044 "
,21,2015,GQ,450 ,Each, 1 ,450 ," 1,257 "
,21,2015,HN,148 ,Each, 1 ,148 ," 5,098 "
,21,2015,HT,11 ,Each, 1 ,11 , 266 
,21,2015,HT,"3,500 ",Pack, 1 ,"3,500 ", 315 
,21,2015,IQ,1 ,Each, 1 ,1 ," 4,383 "
,21,2015,KE,"2,672 ",Each, 1 ,"2,672 "," 101,302 "
,21,2015,KE,2 ,Lot, 1 ,2 ," 2,342 "
,21,2015,LR,"1,752 ",Each, 1 ,"1,752 "," 29,525 "
,21,2015,MG,"1,416 ",Each, 1 ,"1,416 "," 63,102 "
,21,2015,ML,263 ,Each, 1 ,263 ," 61,803 "
,21,2015,MM,5 ,Each, 1 ,5 , 57 
,21,2015,MN,26 ,Each, 1 ,26 , 384 
,21,2015,MN,2 ,Set, 1 ,2 , 723 
,21,2015,MR,82 ,Each, 1 ,82 ," 34,442 "
,21,2015,MW,469 ,Each, 1 ,469 ," 46,655 "
,21,2015,NE,4 ,Each, 1 ,4 ," 22,698 "
,21,2015,NG,"10,000 ",Each, 1 ,"10,000 "," 17,500 "
,21,2015,NI,9 ,Each, 1 ,9 , 103 
,21,2015,PK,4 ,Each, 1 ,4 ," 3,227 "
,21,2015,PH,85 ,Each, 1 ,85 ," 5,109 "
,21,2015,PY,104 ,Each, 1 ,104 ," 1,781 "
,21,2015,PY,18 ,Set, 1 ,18 ," 1,329 "
,21,2015,PS,23 ,Each, 1 ,23 ," 77,825 "
,21,2015,RW,74 ,Each, 1 ,74 ," 1,403 "
,21,2015,SD,"1,795 ",Each, 1 ,"1,795 "," 25,653 "
,21,2015,SN,"1,605 ",Each, 1 ,"1,605 "," 14,061 "
,21,2015,SN,300 ,Set, 1 ,300 ," 26,133 "
,21,2015,SL,588 ,Each, 1 ,588 ," 138,034 "
,21,2015,SS,178 ,Each, 1 ,178 ," 7,354 "
,21,2015,ST,60 ,Each, 1 ,60 , 195 
,21,2015,SY,7 ,Each, 1 ,7 ," 24,137 "
,21,2015,TG,150 ,Each, 1 ,150 ," 15,120 "
,21,2015,TZ,12 ,Each, 1 ,12 ," 1,670 "
,21,2015,US,300 ,Each, 1 ,300 ," 1,704 "
,21,2015,ZW,"1,810 ",Each, 1 ,"1,810 "," 27,633 "
,22,2015,BI,10 ,Each, 1 ,10 , 48 
,22,2015,BJ,"7,980 ",Each, 1 ,"7,980 "," 15,155 "
,22,2015,BJ,665 ,Pack 5, 5 ,"3,325 "," 12,635 "
,22,2015,BJ,398 ,Set, 1 ,398 ," 352,054 "
,22,2015,BF,"71,300 ",Each, 1 ,"71,300 "," 165,105 "
,22,2015,BF,150 ,Pack 5, 5 ,750 ," 2,850 "
,22,2015,BF,175 ,Set, 1 ,175 ," 41,125 "
,22,2015,CF,31 ,Each, 1 ,31 ," 4,609 "
,22,2015,CF,10 ,Set, 1 ,10 , 306 
,22,2015,CI,"3,298 ",Each, 1 ,"3,298 "," 15,568 "
,22,2015,CI,200 ,Pack 5, 5 ,"1,000 "," 3,800 "
,22,2015,CM,"6,699 ",Each, 1 ,"6,699 "," 35,512 "
,22,2015,CM,75 ,Set, 1 ,75 ," 12,375 "
,22,2015,CD,"5,670 ",Each, 1 ,"5,670 "," 11,421 "
,22,2015,CD,110 ,Pack 5, 5 ,550 ," 2,090 "
,22,2015,CD,22 ,Set, 1 ,22 ," 8,896 "
,22,2015,KM,"10,300 ",Each, 1 ,"10,300 ", 836 
,22,2015,KM,200 ,Pack 100, 100 ,"20,000 ", 682 
,22,2015,DJ,53 ,Each, 1 ,53 , 269 
,22,2015,DJ,2 ,Pack 100, 100 ,200 , 13 
,22,2015,DJ,1 ,Set, 1 ,1 , 165 
,22,2015,FJ,"5,508 ",Each, 1 ,"5,508 "," 25,084 "
,22,2015,GH,"11,200 ",Each, 1 ,"11,200 "," 24,784 "
,22,2015,GH,10 ,Set, 1 ,10 ," 9,106 "
,22,2015,GQ,300 ,Pack 100, 100 ,"30,000 "," 1,782 "
,22,2015,GQ,2 ,Set, 1 ,2 , 200 
,22,2015,HN,506 ,Each, 1 ,506 ," 1,980 "
,22,2015,HT,12 ,Each, 1 ,12 , 49 
,22,2015,KE,"9,853 ",Each, 1 ,"9,853 "," 31,426 "
,22,2015,KE,270 ,Set, 1 ,270 ," 45,787 "
,22,2015,LA,567 ,Each, 1 ,567 ," 1,983 "
,22,2015,LA,189 ,Pack 100, 100 ,"18,900 ", 644 
,22,2015,LR,"37,608 ",Each, 1 ,"37,608 "," 7,992 "
,22,2015,MG,"77,776 ",Each, 1 ,"77,776 "," 10,952 "
,22,2015,MG,647 ,Pack 100, 100 ,"64,700 "," 3,076 "
,22,2015,MG,12 ,Set, 1 ,12 ," 2,205 "
,22,2015,ML,"9,837 ",Each, 1 ,"9,837 "," 44,274 "
,22,2015,ML,760 ,Pack 100, 100 ,"76,000 "," 3,678 "
,22,2015,ML,65 ,Set, 1 ,65 ," 59,190 "
,22,2015,MM,"10,480 ",Each, 1 ,"10,480 "," 16,885 "
,22,2015,MR,"1,160 ",Each, 1 ,"1,160 "," 6,934 "
,22,2015,MW,"3,984 ",Each, 1 ,"3,984 "," 24,803 "
,22,2015,MW,56 ,Set of 16, 1 ,56 ," 3,245 "
,22,2015,NE,"9,218 ",Each, 1 ,"9,218 "," 24,791 "
,22,2015,NE,219 ,Pack 100, 100 ,"21,900 ", 748 
,22,2015,NE,"1,000 ",Pack 5, 5 ,"5,000 "," 19,000 "
,22,2015,NE,460 ,Set, 1 ,460 ," 43,847 "
,22,2015,NP,40 ,Each, 1 ,40 ," 38,490 "
,22,2015,PH,75 ,Each, 1 ,75 ," 1,856 "
,22,2015,PY,"1,956 ",Each, 1 ,"1,956 "," 6,672 "
,22,2015,PY,20 ,Set, 1 ,20 ," 3,675 "
,22,2015,SD,"1,250 ",Each, 1 ,"1,250 "," 3,803 "
,22,2015,SN,"8,165 ",Each, 1 ,"8,165 "," 48,312 "
,22,2015,SN,205 ,Pack 5, 5 ,"1,025 "," 3,895 "
,22,2015,SN,460 ,Set, 1 ,460 ," 237,454 "
,22,2015,SL,"7,440 ",Each, 1 ,"7,440 "," 1,795 "
,22,2015,SL,52 ,Set, 1 ,52 ," 47,232 "
,22,2015,SS,"1,740 ",Each, 1 ,"1,740 "," 2,366 "
,22,2015,SS,30 ,Pack 5, 5 ,150 , 570 
,22,2015,TG,55 ,Each, 1 ,55 , 296 
,22,2015,TZ,"1,200 ",Each, 1 ,"1,200 "," 2,149 "
,22,2015,US,20 ,Each, 1 ,20 , 106 
,22,2015,ZW,"47,160 ",Each, 1 ,"47,160 "," 110,305 "
,22,2015,ZW,1 ,Lot, 1 ,1 , 630 
,22,2015,ZW,500 ,Pack 100, 100 ,"50,000 "," 2,420 "
,23,2015,CI,100 ,Each, 1 ,100 , 38 
,23,2015,CR,200 ,Each, 1 ,200 , 550 
,23,2015,FJ,150 ,Each, 1 ,150 ," 1,916 "
,23,2015,FJ,75 ,Pack 12, 12 ,900 ," 1,049 "
,23,2015,FJ,75 ,Pack 50, 50 ,"3,750 ", 296 
,23,2015,GN,300 ,Each, 1 ,300 ," 2,524 "
,23,2015,GW,500 ,Each, 1 ,500 ," 5,048 "
,23,2015,GW,300 ,Pair, 1 ,300 ," 1,744 "
,23,2015,KE,705 ,Each, 1 ,705 ," 2,606 "
,23,2015,KE,120 ,Pair, 1 ,120 ," 1,367 "
,23,2015,LR,"3,240 ",Each, 1 ,"3,240 "," 21,026 "
,23,2015,MW,"5,500 ",Each, 1 ,"5,500 "," 19,035 "
,23,2015,SS,500 ,Pack 100, 100 ,"50,000 ", 305 
,23,2015,SS,45 ,Pair, 1 ,45 , 798 
,23,2015,US,20 ,Pack 50, 50 ,"1,000 ", 31 
,23,2015,US,10 ,Pair, 1 ,10 , 114 
,24,2015,BI,0 ,Each, 1 ,0 ," 41,278 "
,24,2015,BI,0 ,Lot, 1 ,0 ," 4,772 "
,24,2015,BF,35 ,Each, 1 ,35 ," 58,967 "
,24,2015,BD,16 ,Each, 1 ,16 ," 10,848 "
,24,2015,CF,4 ,Each, 1 ,4 ," 1,878 "
,24,2015,CM,167 ,Each, 1 ,167 ," 34,730 "
,24,2015,CR,4 ,Each, 1 ,4 , 407 
,24,2015,DJ,2 ,Each, 1 ,2 ," 4,034 "
,24,2015,FJ,2 ,Each, 1 ,2 , 288 
,24,2015,GN,20 ,Each, 1 ,20 ," 61,240 "
,24,2015,GQ,10 ,Each, 1 ,10 ," 13,810 "
,24,2015,HN,22 ,Each, 1 ,22 ," 3,013 "
,24,2015,IN,27 ,Lump Sum, 1 ,27 ," 33,750 "
,24,2015,IQ,30 ,Each, 1 ,30 ," 69,570 "
,24,2015,KE,582 ,Each, 1 ,582 ," 109,899 "
,24,2015,LR,25 ,Each, 1 ,25 ," 2,546 "
,24,2015,MG,26 ,Each, 1 ,26 ," 5,928 "
,24,2015,ML,40 ,Each, 1 ,40 ," 54,524 "
,24,2015,MN,2 ,Each, 1 ,2 , 861 
,24,2015,MR,3 ,Each, 1 ,3 ," 2,927 "
,24,2015,MW,73 ,Each, 1 ,73 ," 48,509 "
,24,2015,NE,201 ,Each, 1 ,201 ," 21,000 "
,24,2015,NG,2 ,Each, 1 ,2 ," 1,741 "
,24,2015,PY,6 ,Each, 1 ,6 , 900 
,24,2015,PS,5 ,Each, 1 ,5 ," 13,995 "
,24,2015,SD,16 ,Each, 1 ,16 ," 6,440 "
,24,2015,SN,8 ,Each, 1 ,8 ," 28,945 "
,24,2015,SL,90 ,Each, 1 ,90 ," 250,140 "
,24,2015,SS,7 ,Each, 1 ,7 ," 7,811 "
,24,2015,ST,3 ,Each, 1 ,3 , 386 
,24,2015,SY,3 ,Each, 1 ,3 ," 29,214 "
,24,2015,TG,26 ,Each, 1 ,26 ," 24,200 "
,24,2015,ZW,40 ,Each, 1 ,40 ," 15,700 "
,25,2015,BF,"1,370 ",Each, 1 ,"1,370 "," 25,991 "
,25,2015,CM,406 ,Each, 1 ,406 ," 115,024 "
,25,2015,ER,5 ,Each, 1 ,5 , 127 
,25,2015,GN,7 ,Each, 1 ,7 ," 5,270 "
,25,2015,KE,"1,162 ",Each, 1 ,"1,162 "," 174,300 "
,25,2015,LB,"40,778 ",Kit, 1 ,"40,778 "," 8,971 "
,25,2015,ML,255 ,Each, 1 ,255 ," 40,620 "
,25,2015,ML,1 ,Kit, 1 ,1 , 154 
,25,2015,MW,156 ,Each, 1 ,156 ," 26,623 "
,25,2015,NG,"5,080 ",Each, 1 ,"5,080 "," 130,634 "
,25,2015,NG,"5,000 ",Lot, 1 ,"5,000 "," 111,000 "
,25,2015,NP,4 ,Each, 1 ,4 ," 2,560 "
,25,2015,PK,"1,500 ",Each, 1 ,"1,500 "," 8,682 "
,25,2015,SS,"336,050 ",Each, 1 ,"336,050 "," 327,261 "
,25,2015,ST,10 ,Each, 1 ,10 ," 3,885 "
,25,2015,SY,"63,002 ",Each, 1 ,"63,002 "," 1,030,916 "
,25,2015,US,1 ,Each, 1 ,1 ," 1,260 "
,25,2015,US,750 ,Kit, 1 ,750 ," 270,494 "
,25,2015,YE,"78,800 ",Each, 1 ,"78,800 "," 1,228,520 "
,25,2015,ZW,"7,500 ",Each, 1 ,"7,500 "," 11,250 "
,26,2015,CF,9 ,Each, 1 ,9 ," 3,142 "
,26,2015,CM,45 ,Each, 1 ,45 ," 2,130 "
,26,2015,CD,20 ,Each, 1 ,20 ," 10,846 "
,26,2015,ER,10 ,Each, 1 ,10 ," 4,327 "
,26,2015,FJ,102 ,Each, 1 ,102 ," 32,625 "
,26,2015,HN,17 ,Each, 1 ,17 ," 1,428 "
,26,2015,HT,5 ,Each, 1 ,5 , 183 
,26,2015,KE,781 ,Each, 1 ,781 ," 17,697 "
,26,2015,MG,6 ,Each, 1 ,6 ," 1,988 "
,26,2015,MN,4 ,Each, 1 ,4 , 118 
,26,2015,MR,1 ,Each, 1 ,1 , 108 
,26,2015,MW,112 ,Each, 1 ,112 ," 35,071 "
,26,2015,NE,100 ,Each, 1 ,100 ," 54,550 "
,26,2015,PH,7 ,Each, 1 ,7 ," 3,796 "
,26,2015,SD,4 ,Each, 1 ,4 ," 2,169 "
,26,2015,SN,6 ,Each, 1 ,6 , 504 
,26,2015,SL,116 ,Each, 1 ,116 ," 21,375 "
,26,2015,SS,5 ,Each, 1 ,5 , 539 
,26,2015,ST,10 ,Each, 1 ,10 , 888 
,26,2015,TG,81 ,Each, 1 ,81 ," 12,571 "
,26,2015,US,12 ,Each, 1 ,12 ," 1,065 "
,26,2015,ZW,45 ,Each, 1 ,45 ," 15,967 "
,27,2015,BJ,1 ,Each, 1 ,1 , 630 
,27,2015,BF,"3,003 ",Each, 1 ,"3,003 "," 14,558 "
,27,2015,BD,"2,506 ",Each, 1 ,"2,506 "," 191,007 "
,27,2015,CF,100 ,Pack 100, 100 ,"10,000 "," 1,604 "
,27,2015,CI,"7,100 ",Each, 1 ,"7,100 "," 1,440 "
,27,2015,CI,16 ,Pack 100, 100 ,"1,600 ", 119 
,27,2015,CI,"2,000 ",Pack 150, 150 ,"300,000 ", 76 
,27,2015,CM,32 ,Each, 1 ,32 , 259 
,27,2015,CD,"1,500 ",Pack 100, 100 ,"150,000 "," 4,305 "
,27,2015,CD,300 ,Pack 12, 12 ,"3,600 ", 10 
,27,2015,CD,200 ,Pack 36, 36 ,"7,200 "," 5,611 "
,27,2015,CD,400 ,Pack 50, 50 ,"20,000 "," 19,488 "
,27,2015,CD,"7,000 ",Pair, 1 ,"7,000 "," 6,821 "
,27,2015,KM,60 ,Pack 100, 100 ,"6,000 ", 85 
,27,2015,CU,519 ,Pack 100, 100 ,"51,900 "," 2,709 "
,27,2015,DJ,1 ,Each, 1 ,1 , 2 
,27,2015,DJ,300 ,Pack 100, 100 ,"30,000 "," 1,080 "
,27,2015,DO,10 ,Each, 1 ,10 , 39 
,27,2015,ER,"5,000 ",Each, 1 ,"5,000 "," 1,100 "
,27,2015,ET,"15,000 ",Box, 1 ,"15,000 "," 64,350 "
,27,2015,ET,"15,000 ",Each, 1 ,"15,000 "," 8,400 "
,27,2015,ET,"121,500 ",Pack 10, 10 ,"1,215,000 "," 259,140 "
,27,2015,ET,"106,500 ",Pack 100, 100 ,"10,650,000 "," 203,765 "
,27,2015,ET,"75,500 ",Pack 20, 20 ,"1,510,000 "," 85,940 "
,27,2015,ET,"30,500 ",Pack 50, 50 ,"1,525,000 "," 126,880 "
,27,2015,FJ,114 ,Each, 1 ,114 ," 47,333 "
,27,2015,FJ,"1,200 ",Pack 10, 10 ,"12,000 "," 3,192 "
,27,2015,FJ,"1,010 ",Pack 100, 100 ,"101,000 "," 4,303 "
,27,2015,FJ,301 ,Pair, 1 ,301 , 340 
,27,2015,GN,"10,000 ",Pack 100, 100 ,"1,000,000 "," 42,900 "
,27,2015,GN,"3,500 ",Pair, 1 ,"3,500 "," 5,390 "
,27,2015,GM,"2,303 ",Each, 1 ,"2,303 "," 19,315 "
,27,2015,GM,"1,020 ",Pack 100, 100 ,"102,000 "," 4,086 "
,27,2015,GM,"1,800 ",Pack 50, 50 ,"90,000 "," 18,000 "
,27,2015,GM,"2,000 ",Pair, 1 ,"2,000 "," 2,400 "
,27,2015,GW,"8,500 ",Each, 1 ,"8,500 "," 3,620 "
,27,2015,GW,105 ,Pack 10, 10 ,"1,050 ", 294 
,27,2015,GW,420 ,Pack 100, 100 ,"42,000 "," 1,403 "
,27,2015,GW,150 ,Pack 20, 20 ,"3,000 ", 258 
,27,2015,GW,"1,200 ",Pack 50, 50 ,"60,000 "," 10,452 "
,27,2015,GW,"2,000 ",Pair, 1 ,"2,000 "," 2,160 "
,27,2015,GQ,"2,650 ",Each, 1 ,"2,650 "," 6,182 "
,27,2015,GQ,"1,500 ",Pack 100, 100 ,"150,000 "," 3,515 "
,27,2015,GQ,"4,500 ",Pack 12, 12 ,"54,000 "," 67,500 "
,27,2015,GQ,"2,000 ",Pack 36, 36 ,"72,000 "," 23,520 "
,27,2015,GQ,"6,030 ",Pack 50, 50 ,"301,500 "," 46,575 "
,27,2015,HN,52 ,Each, 1 ,52 , 64 
,27,2015,KE,697 ,Each, 1 ,697 , 105 
,27,2015,LA,210 ,Each, 1 ,210 ," 5,850 "
,27,2015,LB,"4,580 ",Pack 100, 100 ,"458,000 "," 5,995 "
,27,2015,LB,"2,447 ",Pack 1000," 1,000 ","2,447,000 "," 38,276 "
,27,2015,LR,"14,860 ",Each, 1 ,"14,860 "," 4,645 "
,27,2015,LR,"3,360 ",Pack 10, 10 ,"33,600 "," 8,938 "
,27,2015,LR,"5,620 ",Pack 100, 100 ,"562,000 "," 16,639 "
,27,2015,LR,300 ,Pack 12, 12 ,"3,600 "," 2,385 "
,27,2015,LR,"5,040 ",Pack 20, 20 ,"100,800 "," 8,669 "
,27,2015,LR,"32,500 ",Pair, 1 ,"32,500 "," 43,530 "
,27,2015,LS,8 ,Each, 1 ,8 ," 52,786 "
,27,2015,MG,"100,605 ",Each, 1 ,"100,605 "," 24,413 "
,27,2015,MG,"4,881 ",Pack 10, 10 ,"48,810 "," 13,137 "
,27,2015,MG,"10,702 ",Pack 100, 100 ,"1,070,200 "," 27,326 "
,27,2015,MG,517 ,Pack 12, 12 ,"6,204 "," 4,596 "
,27,2015,MG,"7,022 ",Pack 20, 20 ,"140,440 "," 12,183 "
,27,2015,MG,29 ,Pack 25, 25 ,725 , 458 
,27,2015,MG,50 ,Pack 36, 36 ,"1,800 "," 1,498 "
,27,2015,MG,"5,539 ",Pack 50, 50 ,"276,950 "," 43,911 "
,27,2015,MG,14 ,Pack 60, 60 ,840 , 655 
,27,2015,MG,52 ,Pack 80, 80 ,"4,160 ", 346 
,27,2015,MG,"95,100 ",Pair, 1 ,"95,100 "," 29,738 "
,27,2015,MG,"3,260 ",Set, 1 ,"3,260 ", 685 
,27,2015,ML,"1,010 ",Each, 1 ,"1,010 ", 566 
,27,2015,ML,"2,020 ",Pack 10, 10 ,"20,200 "," 5,373 "
,27,2015,ML,"2,020 ",Pack 100, 100 ,"202,000 "," 5,464 "
,27,2015,ML,"3,030 ",Pack 20, 20 ,"60,600 "," 5,212 "
,27,2015,MM,"4,800 ",Kit, 1 ,"4,800 "," 70,992 "
,27,2015,MM,160 ,Pack 100, 100 ,"16,000 ", 513 
,27,2015,MM,19 ,Pack 25, 25 ,475 , 463 
,27,2015,MW,"1,000 ",Pair, 1 ,"1,000 ", 920 
,27,2015,NG,"6,000 ",Each, 1 ,"6,000 "," 133,200 "
,27,2015,NG,"9,000 ",Lot, 1 ,"9,000 "," 199,800 "
,27,2015,NG,"21,000 ",Pack 10, 10 ,"210,000 "," 58,800 "
,27,2015,NG,"22,000 ",Pack 100, 100 ,"2,200,000 "," 61,300 "
,27,2015,NG,"10,000 ",Pack 20, 20 ,"200,000 "," 2,800 "
,27,2015,NG,"4,000 ",Pack 50, 50 ,"200,000 "," 41,600 "
,27,2015,NI,500 ,Each, 1 ,500 , 245 
,27,2015,NI,40 ,Pack 50, 50 ,"2,000 ", 302 
,27,2015,PH,"1,010 ",Each, 1 ,"1,010 "," 54,872 "
,27,2015,PH,505 ,Pack, 1 ,505 ," 1,515 "
,27,2015,PH,20 ,Pack 100, 100 ,"2,000 ", 57 
,27,2015,PH,20 ,Roll, 1 ,20 , 6 
,27,2015,RW,15 ,Each, 1 ,15 , 79 
,27,2015,RW,200 ,Pack 100, 100 ,"20,000 ", 900 
,27,2015,RW,200 ,Pack 50, 50 ,"10,000 "," 1,900 "
,27,2015,SD,"2,501 ",Each, 1 ,"2,501 "," 2,100 "
,27,2015,SD,250 ,Pack 50, 50 ,"12,500 "," 3,850 "
,27,2015,SN,903 ,Each, 1 ,903 , 420 
,27,2015,SN,210 ,Pair, 1 ,210 , 323 
,27,2015,SL,401 ,Each, 1 ,401 ," 155,697 "
,27,2015,SL,104 ,Pack 100, 100 ,"10,400 "," 1,952 "
,27,2015,SL,115 ,Pack 25, 25 ,"2,875 "," 2,616 "
,27,2015,SL,"1,122 ",Pack 50, 50 ,"56,100 "," 50,384 "
,27,2015,SL,"25,084 ",Set, 1 ,"25,084 "," 43,028 "
,27,2015,SS,50 ,Box, 1 ,50 , 563 
,27,2015,SS,"5,165 ",Each, 1 ,"5,165 "," 23,748 "
,27,2015,SS,700 ,Pack 100, 100 ,"70,000 "," 2,151 "
,27,2015,SS,400 ,Pack 12, 12 ,"4,800 "," 1,984 "
,27,2015,SS,35 ,Pack 50, 50 ,"1,750 ", 333 
,27,2015,SS,"5,000 ",Set, 1 ,"5,000 "," 1,000 "
,27,2015,ST,"4,000 ",Each, 1 ,"4,000 ", 320 
,27,2015,ST,"4,000 ",Set, 1 ,"4,000 ", 560 
,27,2015,SY,"1,000 ",Each, 1 ,"1,000 "," 2,911 "
,27,2015,TG,400 ,Each, 1 ,400 ," 2,751 "
,27,2015,TG,300 ,Pack 100, 100 ,"30,000 ", 861 
,27,2015,TZ,"92,901 ",Each, 1 ,"92,901 "," 70,586 "
,27,2015,US,450 ,Pack 100, 100 ,"45,000 "," 5,558 "
,27,2015,ZW,1 ,Each, 1 ,1 , 630 
,27,2015,ZW,"7,888 ",Pack 100, 100 ,"788,800 "," 51,968 "
,27,2015,ZW,"4,700 ",Pack 50, 50 ,"235,000 "," 40,354 "
,27,2015,ZW,800 ,Set, 1 ,800 , 152 
,28,2015,BF,"8,000 ",Each, 1 ,"8,000 "," 55,300 "
,28,2015,CF,79 ,Each, 1 ,79 , 245 
,28,2015,CI,200 ,Each, 1 ,200 ," 2,126 "
,28,2015,CM,77 ,Each, 1 ,77 , 454 
,28,2015,CG,20 ,Each, 1 ,20 , 54 
,28,2015,KM,200 ,Each, 1 ,200 , 920 
,28,2015,CR,18 ,Each, 1 ,18 , 12 
,28,2015,DO,8 ,Each, 1 ,8 ," 1,564 "
,28,2015,FJ,"2,719 ",Each, 1 ,"2,719 "," 21,827 "
,28,2015,GN,20 ,Each, 1 ,20 , 295 
,28,2015,GW,50 ,Each, 1 ,50 , 150 
,28,2015,HN,123 ,Each, 1 ,123 , 993 
,28,2015,HT,35 ,Each, 1 ,35 , 62 
,28,2015,KE,"2,057 ",Each, 1 ,"2,057 "," 9,880 "
,28,2015,LR,379 ,Each, 1 ,379 ," 3,038 "
,28,2015,MG,870 ,Each, 1 ,870 ," 3,156 "
,28,2015,ML,"2,150 ",Each, 1 ,"2,150 "," 8,622 "
,28,2015,MR,159 ,Each, 1 ,159 , 741 
,28,2015,MW,"1,824 ",Each, 1 ,"1,824 "," 12,028 "
,28,2015,NE,218 ,Each, 1 ,218 ," 1,585 "
,28,2015,PY,12 ,Each, 1 ,12 , 765 
,28,2015,SD,500 ,Each, 1 ,500 ," 1,380 "
,28,2015,SN,209 ,Each, 1 ,209 ," 1,802 "
,28,2015,SL,465 ,Each, 1 ,465 ," 3,660 "
,28,2015,SS,69 ,Each, 1 ,69 , 275 
,28,2015,TG,232 ,Each, 1 ,232 ," 5,455 "
,28,2015,US,20 ,Each, 1 ,20 , 341 
,28,2015,ZW,"8,789 ",Each, 1 ,"8,789 "," 29,566 "
,29,2015,GQ,"2,400 ",Each, 1 ,"2,400 "," 29,207 "
,29,2015,LB,125 ,Each, 1 ,125 ," 8,075 "
,29,2015,PY,40 ,Each, 1 ,40 ," 3,154 "
,29,2015,SV,91 ,Box, 1 ,91 ," 2,912 "
,29,2015,US,233 ,Each, 1 ,233 ," 11,068 "
,29,2015,ZW,270 ,Each, 1 ,270 ," 95,175 "
,30,2015,CI,"1,000 ",Each, 1 ,"1,000 "," 80,000 "
,30,2015,GN,160 ,Kit, 1 ,160 ," 79,712 "
,30,2015,KE,106 ,Kit, 1 ,106 ," 55,703 "
,30,2015,ML,542 ,Kit, 1 ,542 ," 275,715 "
,30,2015,MM,572 ,Kit, 1 ,572 , 1 
,30,2015,NG,402 ,Kit, 1 ,402 ," 192,735 "
,30,2015,US,"17,535 ",Kit, 1 ,"17,535 "," 10,404,943 "
,31,2015,BI,1 ,Lot, 1 ,1 , 630 
,31,2015,BF,10 ,Each, 1 ,10 ," 5,770 "
,31,2015,BD,4 ,Each, 1 ,4 ," 2,270 "
,31,2015,BS,1 ,Each, 1 ,1 , 350 
,31,2015,CI,1 ,Each, 1 ,1 , 670 
,31,2015,CM,7 ,Each, 1 ,7 ," 4,440 "
,31,2015,CG,1 ,Each, 1 ,1 , 470 
,31,2015,KM,2 ,Each, 1 ,2 ," 1,300 "
,31,2015,ER,2 ,Each, 1 ,2 , 980 
,31,2015,ET,3 ,Each, 1 ,3 ," 1,930 "
,31,2015,GH,2 ,Each, 1 ,2 ," 1,300 "
,31,2015,GN,1 ,Each, 1 ,1 , 400 
,31,2015,GW,6 ,Each, 1 ,6 ," 3,350 "
,31,2015,GQ,4 ,Each, 1 ,4 ," 2,120 "
,31,2015,HN,2 ,Each, 1 ,2 ," 1,610 "
,31,2015,IN,1 ,Lump Sum, 1 ,1 , 320 
,31,2015,KE,3 ,Each, 1 ,3 ," 3,002 "
,31,2015,LA,2 ,Each, 1 ,2 ," 1,020 "
,31,2015,LR,83 ,Each, 1 ,83 ," 6,505 "
,31,2015,MG,10 ,Each, 1 ,10 ," 6,290 "
,31,2015,ML,6 ,Each, 1 ,6 ," 3,220 "
,31,2015,MM,2 ,Each, 1 ,2 ," 1,200 "
,31,2015,MN,3 ,Each, 1 ,3 ," 2,000 "
,31,2015,MR,5 ,Each, 1 ,5 ," 3,070 "
,31,2015,MW,8 ,Each, 1 ,8 ," 4,400 "
,31,2015,NE,3 ,Each, 1 ,3 ," 1,620 "
,31,2015,NG,1 ,Each, 1 ,1 , 630 
,31,2015,PH,1 ,Each, 1 ,1 , 470 
,31,2015,PY,4 ,Each, 1 ,4 ," 2,270 "
,31,2015,SD,11 ,Each, 1 ,11 ," 5,810 "
,31,2015,SN,5 ,Each, 1 ,5 ," 2,870 "
,31,2015,SL,12 ,Each, 1 ,12 ," 8,280 "
,31,2015,SS,4 ,Each, 1 ,4 ," 3,330 "
,31,2015,ST,1 ,Each, 1 ,1 , 630 
,31,2015,SY,1 ,Each, 1 ,1 , 630 
,31,2015,TZ,1 ,Each, 1 ,1 , 670 
,31,2015,TZ,1 ,Lump Sum, 1 ,1 , 470 
,31,2015,US,4 ,Each, 1 ,4 ," 2,570 "
,31,2015,UZ,1 ,Each, 1 ,1 , 670 
,31,2015,ZW,12 ,Each, 1 ,12 ," 6,470 "
,33,2015,BI,"9,440 ",Pack 10, 10 ,"94,400 "," 28,320 "
,33,2015,ET,"45,500 ",Pack 4, 4 ,"182,000 "," 80,535 "
,33,2015,GN,200 ,Pack 25, 25 ,"5,000 "," 4,828 "
,33,2015,GW,500 ,Each, 1 ,500 ," 7,525 "
,33,2015,GW,120 ,Pack 25, 25 ,"3,000 "," 3,000 "
,33,2015,GW,50 ,Pack 4, 4 ,200 , 89 
,33,2015,GQ,100 ,Each, 1 ,100 ," 1,505 "
,33,2015,GQ,50 ,Pack 10, 10 ,500 , 592 
,33,2015,JO,1 ,Pack 25, 25 ,25 , 23 
,33,2015,LR,105 ,Pack 20, 20 ,"2,100 ", 735 
,33,2015,LR,205 ,Pack 25, 25 ,"5,125 "," 4,949 "
,33,2015,LR,"1,680 ",Pack 4, 4 ,"6,720 "," 2,974 "
,33,2015,MG,482 ,Each, 1 ,482 ," 7,254 "
,33,2015,MG,43 ,Pack 20, 20 ,860 , 445 
,33,2015,MG,4 ,Pack 25, 25 ,100 , 97 
,33,2015,MG,"2,330 ",Pack 4, 4 ,"9,320 "," 4,124 "
,33,2015,ML,"1,010 ",Pack 4, 4 ,"4,040 "," 1,788 "
,33,2015,MR,8 ,Each, 1 ,8 ," 1,630 "
,33,2015,NE,860 ,Pack 20, 20 ,"17,200 "," 7,981 "
,33,2015,NG,6 ,Pack 20, 20 ,120 , 63 
,33,2015,NG,"10,000 ",Pack 4, 4 ,"40,000 "," 17,700 "
,33,2015,SS,150 ,Each, 1 ,150 ," 2,258 "
,33,2015,SS,200 ,Pack 20, 20 ,"4,000 "," 1,666 "
,33,2015,SS,60 ,Pack 25, 25 ,"1,500 "," 1,448 "
,33,2015,UA,160 ,Pack 25, 25 ,"4,000 "," 3,200 "
,33,2015,ZW,500 ,Pack 20, 20 ,"10,000 "," 4,640 "
,34,2015,BI,500 ,Pack 500, 500 ,"250,000 "," 3,080 "
,34,2015,KM,100 ,Pack 500, 500 ,"50,000 ", 616 
,34,2015,GN,200 ,Pack 1000," 1,000 ","200,000 "," 2,400 "
,34,2015,GW,"20,000 ",Each, 1 ,"20,000 "," 9,240 "
,34,2015,LR,330 ,Pack 500, 500 ,"165,000 "," 2,033 "
,34,2015,PH,500 ,Bottle, 1 ,500 , 237 
,34,2015,PH,120 ,Box, 1 ,120 , 87 
,34,2015,PH,108 ,Pack, 1 ,108 ," 2,587 "
,35,2015,PH,1 ,Box, 1 ,1 , 2 
,36,2015,KM,500 ,Pack 1000," 1,000 ","500,000 "," 1,290 "
,36,2015,ER,"3,000 ",Pack 1000," 1,000 ","3,000,000 "," 7,230 "
,36,2015,FJ,50 ,Pack 1000," 1,000 ","50,000 ", 105 
,36,2015,GW,"7,500 ",Each, 1 ,"7,500 "," 5,775 "
,36,2015,GQ,300 ,Pack 1000," 1,000 ","300,000 ", 789 
,36,2015,HT,"7,000 ",Pack 1000," 1,000 ","7,000,000 "," 15,330 "
,36,2015,JO,"1,377 ",Pack 1000," 1,000 ","1,377,000 "," 2,318 "
,36,2015,LB,"20,000 ",Pack 1000," 1,000 ","20,000,000 "," 73,860 "
,36,2015,LR,700 ,Pack 1000," 1,000 ","700,000 "," 1,741 "
,36,2015,MG,55 ,Pack 1000," 1,000 ","55,000 ", 273 
,36,2015,MM,540 ,Pack 1000," 1,000 ","540,000 "," 1,447 "
,36,2015,PH,600 ,Box, 1 ,600 ," 13,290 "
,36,2015,SS,450 ,Pack 1000," 1,000 ","450,000 "," 1,176 "
,36,2015,ST,500 ,Pack 1000," 1,000 ","500,000 "," 1,050 "
,36,2015,SY,"14,000 ",Pack 1000," 1,000 ","14,000,000 "," 30,660 "
,37,2015,BI,64 ,Pack 100, 100 ,"6,400 "," 1,536 "
,37,2015,BI,150 ,Pack 40, 40 ,"6,000 "," 5,186 "
,37,2015,ER,"1,000 ",Pack 50, 50 ,"50,000 "," 6,500 "
,37,2015,GH,"1,500 ",Pack 10, 10 ,"15,000 "," 16,500 "
,37,2015,GN,"1,500 ",Pack 10, 10 ,"15,000 "," 2,025 "
,37,2015,GN,15 ,Pack 100, 100 ,"1,500 ", 330 
,37,2015,GN,200 ,Pack 1000," 1,000 ","200,000 "," 6,642 "
,37,2015,GN,900 ,Pack 50, 50 ,"45,000 "," 8,686 "
,37,2015,GM,320 ,Pack 100, 100 ,"32,000 "," 3,766 "
,37,2015,GM,75 ,Pack 1000," 1,000 ","75,000 "," 2,625 "
,37,2015,GW,200 ,Pack 100, 100 ,"20,000 "," 2,414 "
,37,2015,GW,850 ,Pack 50, 50 ,"42,500 "," 7,668 "
,37,2015,GQ,930 ,Pack 100, 100 ,"93,000 "," 8,477 "
,37,2015,GQ,230 ,Pack 1000," 1,000 ","230,000 "," 6,586 "
,37,2015,GQ,800 ,Pack 40, 40 ,"32,000 "," 27,656 "
,37,2015,GQ,380 ,Pack 50, 50 ,"19,000 "," 2,472 "
,37,2015,JO,3 ,Pack 1000," 1,000 ","3,000 ", 44 
,37,2015,JO,50 ,Pack 50, 50 ,"2,500 "," 1,113 "
,37,2015,LB,350 ,Pack, 1 ,350 , 316 
,37,2015,LB,350 ,Pack 100, 100 ,"35,000 "," 8,400 "
,37,2015,LB,299 ,Pack 1000," 1,000 ","299,000 "," 3,166 "
,37,2015,LR,"93,890 ",Each, 1 ,"93,890 "," 75,564 "
,37,2015,LR,"2,700 ",Pack 10, 10 ,"27,000 "," 3,645 "
,37,2015,LR,"1,265 ",Pack 1000," 1,000 ","1,265,000 "," 30,808 "
,37,2015,LR,613 ,Pack 25, 25 ,"15,325 "," 2,759 "
,37,2015,LR,250 ,Pack 50, 50 ,"12,500 "," 2,000 "
,37,2015,MG,"1,600 ",Pack 10, 10 ,"16,000 "," 2,160 "
,37,2015,MG,787 ,Pack 100, 100 ,"78,700 "," 9,499 "
,37,2015,MG,"16,677 ",Pack 50, 50 ,"833,850 "," 125,411 "
,37,2015,MM,10 ,Pack 100, 100 ,"1,000 ", 170 
,37,2015,MM,36 ,Pack 1000," 1,000 ","36,000 "," 1,077 "
,37,2015,MM,24 ,Pack 50, 50 ,"1,200 ", 171 
,37,2015,NE,"3,600 ",Pack 50, 50 ,"180,000 "," 26,712 "
,37,2015,NP,700 ,Each, 1 ,700 ," 11,025 "
,37,2015,PH,"1,700 ",Bottle, 1 ,"1,700 "," 2,135 "
,37,2015,PH,716 ,Pack, 1 ,716 ," 1,349 "
,37,2015,PH,200 ,Tube, 1 ,200 ," 1,640 "
,37,2015,SS,500 ,Pack 10, 10 ,"5,000 ", 675 
,37,2015,SS,600 ,Pack 100, 100 ,"60,000 "," 13,207 "
,37,2015,SS,250 ,Pack 1000," 1,000 ","250,000 "," 6,324 "
,37,2015,SS,200 ,Pack 50, 50 ,"10,000 "," 1,647 "
,37,2015,SY,"7,640 ",Each, 1 ,"7,640 "," 120,330 "
,37,2015,SY,"28,000 ",Pack 10, 10 ,"280,000 "," 37,800 "
,37,2015,SY,"41,667 ",Pack 6, 6 ,"250,002 "," 23,750 "
,37,2015,TZ,19 ,Pack 100, 100 ,"1,900 ", 323 
,37,2015,UA,"1,000 ",Pack 10, 10 ,"10,000 "," 4,000 "
,37,2015,UA,20 ,Pack 1000," 1,000 ","20,000 ", 630 
,37,2015,UA,"2,000 ",Pack 4, 4 ,"8,000 "," 1,500 "
,37,2015,UA,250 ,Pack 50, 50 ,"12,500 "," 1,739 "
,37,2015,YE,"5,130 ",Pack 100, 100 ,"513,000 "," 112,860 "
,37,2015,YE,"18,057 ",Pack 50, 50 ,"902,850 "," 144,456 "
,38,2015,BI,60 ,Pack 100, 100 ,"6,000 ", 810 
,38,2015,CR,11 ,Each, 1 ,11 ," 2,139 "
,38,2015,CR,10 ,Pack 100, 100 ,"1,000 ", 135 
,38,2015,GW,"4,650 ",Each, 1 ,"4,650 "," 4,770 "
,38,2015,LB,"1,025 ",Pack 100, 100 ,"102,500 "," 9,090 "
,38,2015,SY,"2,400 ",Pack 100, 100 ,"240,000 "," 32,400 "
,39,2015,GN,30 ,Pack 1000," 1,000 ","30,000 "," 1,005 "
,39,2015,GQ,20 ,Pack 1000," 1,000 ","20,000 ", 670 
,40,2015,PH,100 ,Tube, 1 ,100 , 185 
,40,2015,UA,"1,000 ",Pack, 1 ,"1,000 "," 1,210 "
,41,2015,SO,1 ,Lump Sum, 1 ,1 ," 1,699 "
,41,2015,SO,1 ,Pack 600, 600 ,600 ," 37,754 "
,41,2015,SS,"1,500 ",Each, 1 ,"1,500 "," 15,750 "
,41,2015,SS,20 ,Pack 1000," 1,000 ","20,000 "," 1,200 "
,42,2015,CR,10 ,Each, 1 ,10 , 70 
,42,2015,GQ,50 ,Pack 1000," 1,000 ","50,000 ", 350 
,42,2015,LB,57 ,Pack 1000," 1,000 ","57,000 ", 399 
,42,2015,LR,550 ,Pack 1000," 1,000 ","550,000 "," 3,850 "
,42,2015,PH,50 ,Box, 1 ,50 , 433 
,42,2015,SS,300 ,Pack 1000," 1,000 ","300,000 "," 2,100 "
,42,2015,SY,250 ,Pack 1000," 1,000 ","250,000 "," 1,750 "
,43,2015,GN,"1,000 ",Bottle, 1 ,"1,000 "," 4,000 "
,43,2015,GW,"1,200 ",Each, 1 ,"1,200 "," 2,317 "
,43,2015,MG,756 ,Bottle, 1 ,756 ," 2,676 "
,43,2015,NE,"3,200 ",Bottle, 1 ,"3,200 "," 11,712 "
,43,2015,PH,200 ,Bottle, 1 ,200 , 876 
,43,2015,SS,400 ,Bottle, 1 ,400 ," 1,416 "
,43,2015,YE,"184,375 ",Bottle, 1 ,"184,375 "," 737,500 "
,44,2015,ER,"2,000 ",Pack 5, 5 ,"10,000 "," 45,000 "
,44,2015,GN,100 ,Pack 5, 5 ,500 ," 2,250 "
,44,2015,GM,100 ,Pack 5, 5 ,500 ," 2,250 "
,44,2015,GW,200 ,Pack 5, 5 ,"1,000 "," 4,500 "
,44,2015,GQ,200 ,Pack 5, 5 ,"1,000 "," 4,500 "
,44,2015,GQ,100 ,Pack 500, 500 ,"50,000 "," 7,250 "
,44,2015,LR,175 ,Pack 5, 5 ,875 ," 4,029 "
,44,2015,MM,40 ,Pack 5, 5 ,200 , 900 
,44,2015,MM,40 ,Pack 500, 500 ,"20,000 "," 2,900 "
,44,2015,NI,500 ,Pack 5, 5 ,"2,500 "," 11,510 "
,44,2015,PH,30 ,Box, 1 ,30 , 108 
,44,2015,PH,74 ,Pack, 1 ,74 , 59 
,44,2015,SS,20 ,Pack 1000," 1,000 ","20,000 "," 1,450 "
,44,2015,SS,300 ,Pack 5, 5 ,"1,500 "," 6,750 "
,44,2015,YE,"3,230 ",Pack 5, 5 ,"16,150 "," 72,675 "
,45,2015,BJ,"5,000 ",Pack 100, 100 ,"500,000 "," 240,100 "
,45,2015,BS,"10,000 ",Each, 1 ,"10,000 ", 900 
,45,2015,CF,100 ,Each, 1 ,100 ," 2,873 "
,45,2015,CF,300 ,Pack 100, 100 ,"30,000 "," 10,208 "
,45,2015,CM,"4,000 ",Pack 25, 25 ,"100,000 "," 82,000 "
,45,2015,KM,240 ,Pack 100, 100 ,"24,000 "," 11,525 "
,45,2015,FJ,"1,000 ",Each, 1 ,"1,000 ", 90 
,45,2015,GN,800 ,Pack 25, 25 ,"20,000 "," 16,400 "
,45,2015,GN,167 ,Pack 30, 30 ,"5,010 "," 2,756 "
,45,2015,GM,"1,000 ",Pack 100, 100 ,"100,000 "," 135,000 "
,45,2015,GM,"1,000 ",Pack 25, 25 ,"25,000 "," 20,500 "
,45,2015,KE,"3,200 ",Pack 25, 25 ,"80,000 "," 65,600 "
,45,2015,MG,"16,000 ",Pack 100, 100 ,"1,600,000 "," 768,320 "
,45,2015,MR,1 ,Each, 1 ,1 , 244 
,45,2015,SO,900 ,Pack 100, 100 ,"90,000 "," 63,468 "
,45,2015,SO,"2,250 ",Pack 20, 20 ,"45,000 "," 49,500 "
,45,2015,SS,"2,100 ",Pack 100, 100 ,"210,000 "," 12,684 "
,45,2015,SS,"1,000 ",Pack 25, 25 ,"25,000 "," 20,500 "
,45,2015,SS,"3,000 ",Pack 30, 30 ,"90,000 "," 49,500 "
,45,2015,ST,120 ,Each, 1 ,120 ," 4,200 "
,45,2015,ST,205 ,Pack 100, 100 ,"20,500 "," 18,850 "
,45,2015,ST,266 ,Pack 30, 30 ,"7,980 "," 4,389 "
,45,2015,SY,"90,000 ",Each, 1 ,"90,000 "," 10,800 "
,45,2015,TG,400 ,Pack 100, 100 ,"40,000 "," 28,208 "
,45,2015,UA,"1,620 ",Gross, 144 ,"233,280 "," 4,860 "
,45,2015,ZW,"7,500 ",Pack 30, 30 ,"225,000 "," 123,750 "
,46,2015,PH,20 ,Box, 1 ,20 , 479 
,47,2015,ER,"19,500 ",Bottle, 1 ,"19,500 "," 8,775 "
,47,2015,GN,"5,100 ",Bottle, 1 ,"5,100 "," 10,320 "
,47,2015,GM,"30,000 ",Bottle, 1 ,"30,000 "," 13,500 "
,47,2015,GW,"9,800 ",Bottle, 1 ,"9,800 "," 8,175 "
,47,2015,GQ,"1,850 ",Pack 20, 20 ,"37,000 "," 22,881 "
,47,2015,LR,300 ,Bottle, 1 ,300 , 285 
,47,2015,MG,"186,813 ",Bottle, 1 ,"186,813 "," 111,125 "
,47,2015,MM,400 ,Bottle, 1 ,400 , 330 
,47,2015,NE,"35,000 ",Bottle, 1 ,"35,000 "," 15,750 "
,47,2015,SS,"5,100 ",Bottle, 1 ,"5,100 "," 3,750 "
,47,2015,YE,"276,376 ",Bottle, 1 ,"276,376 "," 124,369 "
,48,2015,BI,"1,960 ",Each, 1 ,"1,960 "," 12,161 "
,48,2015,BI,500 ,Pack 10, 10 ,"5,000 "," 11,000 "
,48,2015,BI,"2,000 ",Pack 20, 20 ,"40,000 "," 7,980 "
,48,2015,BO,200 ,Pack 10, 10 ,"2,000 "," 4,400 "
,48,2015,BO,250 ,Pack 20, 20 ,"5,000 "," 1,213 "
,48,2015,CF,260 ,Pack 10, 10 ,"2,600 "," 2,330 "
,48,2015,CI,250 ,Pack, 1 ,250 , 998 
,48,2015,CI,"5,000 ",Pack 10, 10 ,"50,000 "," 34,000 "
,48,2015,CM,20 ,Pack 10, 10 ,200 , 440 
,48,2015,CG,"20,000 ",Pack 5, 5 ,"100,000 "," 160,000 "
,48,2015,KM,100 ,Pack 10, 10 ,"1,000 ", 680 
,48,2015,ER,"1,000 ",Pack 10, 10 ,"10,000 "," 8,000 "
,48,2015,ER,100 ,Pack 20, 20 ,"2,000 ", 485 
,48,2015,ER,"1,576 ",Vial, 1 ,"1,576 "," 63,040 "
,48,2015,ET,"110,150 ",Pack 5, 5 ,"550,750 "," 881,200 "
,48,2015,GH,"2,000 ",Pack 5, 5 ,"10,000 "," 16,000 "
,48,2015,GN,550 ,Pack, 1 ,550 ," 2,195 "
,48,2015,GN,250 ,Pack 10, 10 ,"2,500 "," 1,900 "
,48,2015,GN,15 ,Pack 20, 20 ,300 , 60 
,48,2015,GN,"1,000 ",Pack 5, 5 ,"5,000 "," 8,000 "
,48,2015,GN,"2,000 ",Pack 50, 50 ,"100,000 "," 4,000 "
,48,2015,GM,150 ,Pack 10, 10 ,"1,500 "," 1,500 "
,48,2015,GM,550 ,Pack 100, 100 ,"55,000 "," 11,814 "
,48,2015,GM,10 ,Pack 20, 20 ,200 , 42 
,48,2015,GM,"1,200 ",Pack 5, 5 ,"6,000 "," 9,600 "
,48,2015,GW,"21,310 ",Each, 1 ,"21,310 "," 26,086 "
,48,2015,GW,"2,210 ",Pack, 1 ,"2,210 "," 4,220 "
,48,2015,GW,800 ,Pack 10, 10 ,"8,000 "," 9,231 "
,48,2015,GW,15 ,Pack 100, 100 ,"1,500 ", 212 
,48,2015,GW,25 ,Pack 20, 20 ,500 , 100 
,48,2015,GW,120 ,Pack 90, 90 ,"10,800 "," 1,500 "
,48,2015,GQ,"23,480 ",Each, 1 ,"23,480 "," 77,994 "
,48,2015,GQ,"1,500 ",Pack 10, 10 ,"15,000 "," 15,465 "
,48,2015,GQ,100 ,Pack 100, 100 ,"10,000 "," 2,148 "
,48,2015,GQ,250 ,Pack 20, 20 ,"5,000 "," 1,055 "
,48,2015,GQ,800 ,Vial, 1 ,800 ," 32,000 "
,48,2015,HT,"10,000 ",Pack 5, 5 ,"50,000 "," 80,000 "
,48,2015,KE,400 ,Pack 10, 10 ,"4,000 "," 4,430 "
,48,2015,KE,50 ,Pack 20, 20 ,"1,000 ", 243 
,48,2015,LR,"5,000 ",Each, 1 ,"5,000 "," 2,215 "
,48,2015,LR,652 ,Pack 10, 10 ,"6,520 "," 14,344 "
,48,2015,LR,6 ,Pack 20, 20 ,120 , 29 
,48,2015,MG,"13,050 ",Bottle, 1 ,"13,050 "," 16,435 "
,48,2015,MG,"1,285 ",Box, 1 ,"1,285 "," 8,327 "
,48,2015,MG,"11,809 ",Each, 1 ,"11,809 "," 90,662 "
,48,2015,MG,"1,889 ",Pack 10, 10 ,"18,890 "," 25,980 "
,48,2015,MG,4 ,Pack 1000," 1,000 ","4,000 ", 63 
,48,2015,MG,336 ,Pack 20, 20 ,"6,720 "," 1,341 "
,48,2015,MM,"1,201 ",Each, 1 ,"1,201 "," 3,017 "
,48,2015,MM,"12,020 ",Pack 10, 10 ,"120,200 "," 264,440 "
,48,2015,MM,"1,560 ",Pack 100, 100 ,"156,000 "," 5,982 "
,48,2015,MM,15 ,Pack 1000," 1,000 ","15,000 ", 141 
,48,2015,MM,5 ,Pack 20, 20 ,100 , 24 
,48,2015,MM,120 ,Pack 30, 30 ,"3,600 ", 90 
,48,2015,MM,500 ,Pack 4, 4 ,"2,000 ", 925 
,48,2015,MM,"4,800 ",Pack 50, 50 ,"240,000 "," 5,040 "
,48,2015,MM,100 ,Pack 6, 6 ,600 , 645 
,48,2015,MM,10 ,Pack 60, 60 ,600 , 117 
,48,2015,NE,"5,000 ",Pack 10, 10 ,"50,000 "," 40,000 "
,48,2015,NE,"2,500 ",Pack 50, 50 ,"125,000 "," 160,900 "
,48,2015,NG,"10,000 ",Pack 10, 10 ,"100,000 "," 80,000 "
,48,2015,NG,250 ,Pack 20, 20 ,"5,000 "," 1,213 "
,48,2015,NI,1 ,Each, 1 ,1 , 630 
,48,2015,NI,175 ,Pack 20, 20 ,"3,500 ", 698 
,48,2015,PA,"1,112 ",Each, 1 ,"1,112 "," 13,900 "
,48,2015,PH,20 ,Box, 1 ,20 , 364 
,48,2015,PH,1 ,Pack, 1 ,1 , 60 
,48,2015,KP,"6,125 ",Pack 10, 10 ,"61,250 "," 134,750 "
,48,2015,SD,"59,663 ",Pack 10, 10 ,"596,630 "," 477,304 "
,48,2015,SL,"1,600 ",Pack 5, 5 ,"8,000 "," 12,800 "
,48,2015,SO,"10,000 ",Pack 10, 10 ,"100,000 "," 68,000 "
,48,2015,SO,"1,850 ",Pack 20, 20 ,"37,000 "," 7,382 "
,48,2015,SS,620 ,Pack 10, 10 ,"6,200 "," 5,650 "
,48,2015,SS,"1,100 ",Pack 20, 20 ,"22,000 "," 4,412 "
,48,2015,SS,"1,000 ",Pack 5, 5 ,"5,000 "," 8,000 "
,48,2015,SS,250 ,Pack 50, 50 ,"12,500 ", 668 
,48,2015,SY,751 ,Each, 1 ,751 ," 20,625 "
,48,2015,SY,450 ,Pack 100, 100 ,"45,000 "," 1,785 "
,48,2015,SY,"5,065 ",Pack 1000," 1,000 ","5,065,000 "," 76,215 "
,48,2015,TG,"4,000 ",Pack 10, 10 ,"40,000 "," 38,600 "
,48,2015,TG,"1,000 ",Pack 20, 20 ,"20,000 "," 3,990 "
,48,2015,TL,"2,600 ",Pack 5, 5 ,"13,000 "," 20,800 "
,48,2015,TZ,"2,054 ",Pack 10, 10 ,"20,540 "," 25,675 "
,48,2015,US,500 ,Pack 20, 20 ,"10,000 "," 1,995 "
,48,2015,US,500 ,Pack 50, 50 ,"25,000 "," 32,180 "
,48,2015,YE,"32,000 ",Pack 10, 10 ,"320,000 "," 704,000 "
,48,2015,YE,"3,614 ",Pack 20, 20 ,"72,280 "," 17,528 "
,48,2015,YE,"38,233 ",Pack 5, 5 ,"191,165 "," 305,864 "
,48,2015,ZW,"3,000 ",Each, 1 ,"3,000 "," 43,500 "
,48,2015,ZW,"7,500 ",Pack 10, 10 ,"75,000 "," 93,750 "
,48,2015,ZW,"3,500 ",Pack 20, 20 ,"70,000 "," 13,965 "
,49,2015,BI,"15,000 ",Pack 10, 10 ,"150,000 "," 41,250 "
,49,2015,BI,"1,800 ",Pack 4, 4 ,"7,200 ", 810 
,49,2015,BO,500 ,Pack 10, 10 ,"5,000 "," 1,375 "
,49,2015,BO,"20,000 ",Pack 4, 4 ,"80,000 "," 9,000 "
,49,2015,CF,733 ,Pack 10, 10 ,"7,330 "," 2,016 "
,49,2015,CF,593 ,Pack 4, 4 ,"2,372 ", 267 
,49,2015,CI,500 ,Pack 100, 100 ,"50,000 "," 10,000 "
,49,2015,CM,"2,002 ",Pack 10, 10 ,"20,020 "," 5,506 "
,49,2015,CG,"2,500 ",Pack 10, 10 ,"25,000 "," 5,000 "
,49,2015,KM,100 ,Pack 100, 100 ,"10,000 "," 2,000 "
,49,2015,ER,200 ,Pack 10, 10 ,"2,000 ", 550 
,49,2015,ET,"195,150 ",Pack 10, 10 ,"1,951,500 "," 522,026 "
,49,2015,GH,"4,024 ",Pack 10, 10 ,"40,240 "," 8,048 "
,49,2015,GH,250 ,Pack 100, 100 ,"25,000 "," 2,750 "
,49,2015,GN,310 ,Pack 10, 10 ,"3,100 ", 770 
,49,2015,GN,490 ,Pack 4, 4 ,"1,960 ", 221 
,49,2015,GM,500 ,Pack 10, 10 ,"5,000 "," 1,000 "
,49,2015,GM,"2,500 ",Pack 100, 100 ,"250,000 "," 27,500 "
,49,2015,GM,"1,000 ",Pack 4, 4 ,"4,000 ", 450 
,49,2015,GW,"2,200 ",Pack 10, 10 ,"22,000 "," 5,623 "
,49,2015,GW,"2,000 ",Tablet, 1 ,"2,000 "," 16,000 "
,49,2015,GQ,"5,000 ",Pack 10, 10 ,"50,000 "," 10,600 "
,49,2015,GQ,"2,500 ",Pack 4, 4 ,"10,000 "," 1,125 "
,49,2015,HT,"2,000 ",Pack 4, 4 ,"8,000 ", 900 
,49,2015,JO,20 ,Pack 100, 100 ,"2,000 ", 220 
,49,2015,KE,"3,000 ",Pack 10, 10 ,"30,000 "," 6,360 "
,49,2015,LB,365 ,Pack 10, 10 ,"3,650 "," 1,004 "
,49,2015,LR,"124,302 ",Pack 10, 10 ,"1,243,020 "," 341,831 "
,49,2015,LR,"66,913 ",Pack 4, 4 ,"267,652 "," 66,913 "
,49,2015,MG,"5,303 ",Pack 10, 10 ,"53,030 "," 14,583 "
,49,2015,MG,"104,623 ",Pack 4, 4 ,"418,492 "," 121,363 "
,49,2015,ML,10 ,Pack 10, 10 ,100 , 21 
,49,2015,ML,480 ,Pack 4, 4 ,"1,920 ", 216 
,49,2015,MM,20 ,Pack 10, 10 ,200 , 55 
,49,2015,NE,"4,000 ",Pack 10, 10 ,"40,000 "," 8,480 "
,49,2015,NE,"1,600 ",Pack 100, 100 ,"160,000 "," 32,000 "
,49,2015,NG,"30,000 ",Pack 10, 10 ,"300,000 "," 82,500 "
,49,2015,NG,"56,667 ",Pack 3, 3 ,"170,001 "," 49,300 "
,49,2015,NP,"2,155 ",Pack 100, 100 ,"215,500 "," 43,100 "
,49,2015,PG,"15,220 ",Pack 10, 10 ,"152,200 "," 32,266 "
,49,2015,KP,"3,500 ",Pack 100, 100 ,"350,000 "," 70,000 "
,49,2015,RW,"13,762 ",Pack 3, 3 ,"41,286 "," 11,973 "
,49,2015,SD,"100,000 ",Each, 1 ,"100,000 "," 45,000 "
,49,2015,SD,"109,940 ",Pack 10, 10 ,"1,099,400 "," 233,073 "
,49,2015,SL,"20,000 ",Pack 10, 10 ,"200,000 "," 40,000 "
,49,2015,SL,"3,750 ",Pack 4, 4 ,"15,000 "," 15,000 "
,49,2015,SV,"2,625 ",Pack 4, 4 ,"10,500 "," 1,181 "
,49,2015,SO,"20,000 ",Pack 10, 10 ,"200,000 "," 42,400 "
,49,2015,SO,"20,000 ",Pack 4, 4 ,"80,000 "," 9,000 "
,49,2015,SS,300 ,Pack 10, 10 ,"3,000 ", 788 
,49,2015,SS,340 ,Pack 60, 60 ,"20,400 "," 9,860 "
,49,2015,ST,"2,500 ",Pack 4, 4 ,"10,000 "," 1,125 "
,49,2015,TG,"1,500 ",Pack 10, 10 ,"15,000 "," 3,180 "
,49,2015,TG,"3,750 ",Pack 4, 4 ,"15,000 "," 1,688 "
,49,2015,TL,"2,900 ",Pack 10, 10 ,"29,000 "," 5,800 "
,49,2015,TZ,"14,186 ",Pack 10, 10 ,"141,860 "," 30,038 "
,49,2015,TZ,"10,582 ",Pack 4, 4 ,"42,328 "," 4,762 "
,49,2015,TZ,280 ,Pack 60, 60 ,"16,800 "," 8,120 "
,49,2015,UG,"40,000 ",Pack 4, 4 ,"160,000 "," 18,000 "
,49,2015,US,"16,000 ",Pack 10, 10 ,"160,000 "," 33,920 "
,49,2015,US,"20,000 ",Pack 4, 4 ,"80,000 "," 11,800 "
,49,2015,US,"15,000 ",Pack 60, 60 ,"900,000 "," 432,500 "
,49,2015,YE,"10,000 ",Pack 10, 10 ,"100,000 "," 20,000 "
,49,2015,YE,"2,792 ",Pack 100, 100 ,"279,200 "," 55,840 "
,49,2015,ZM,"200,000 ",Pack 4, 4 ,"800,000 "," 90,000 "
,49,2015,ZW,"5,500 ",Pack 10, 10 ,"55,000 "," 11,660 "
,49,2015,ZW,"1,500 ",Pack 4, 4 ,"6,000 ", 675 
,50,2015,PH,800 ,Bottle, 1 ,800 , 997 
,51,2015,BF,3 ,Each, 1 ,3 ," 1,960 "
,51,2015,CF,1 ,Each, 1 ,1 , 630 
,51,2015,ER,1 ,Each, 1 ,1 , 630 
,51,2015,ER,1 ,Vial, 1 ,1 , 630 
,51,2015,ET,1 ,Each, 1 ,1 , 630 
,51,2015,FJ,1 ,Each, 1 ,1 , 630 
,51,2015,GM,4 ,Each, 1 ,4 ," 5,650 "
,51,2015,GQ,1 ,Each, 1 ,1 ," 5,213 "
,51,2015,HT,1 ,Each, 1 ,1 , 320 
,51,2015,KE,4 ,Each, 1 ,4 ," 2,725 "
,51,2015,LB,2 ,Each, 1 ,2 ," 1,270 "
,51,2015,LR,4 ,Each, 1 ,4 ," 2,330 "
,51,2015,MG,4 ,Each, 1 ,4 ," 2,240 "
,51,2015,NE,1 ,Each, 1 ,1 , 630 
,51,2015,NG,3 ,Each, 1 ,3 ," 2,792 "
,51,2015,NP,1 ,Each, 1 ,1 ," 1,400 "
,51,2015,SO,1 ,Each, 1 ,1 , 630 
,51,2015,SS,3 ,Each, 1 ,3 ," 1,890 "
,51,2015,SY,2 ,Each, 1 ,2 ," 1,590 "
,51,2015,TG,2 ,Each, 1 ,2 ," 1,260 "
,51,2015,TZ,3 ,Each, 1 ,3 ," 1,730 "
,51,2015,UA,1 ,Each, 1 ,1 , 630 
,51,2015,US,8 ,Each, 1 ,8 ," 11,951 "
,51,2015,YE,1 ,Each, 1 ,1 ," 1,400 "
,51,2015,ZW,2 ,Each, 1 ,2 ," 1,800 "
,52,2015,LB,560 ,Pack 1000," 1,000 ","560,000 "," 15,120 "
,52,2015,MG,"7,200 ",Pack 10, 10 ,"72,000 "," 71,122 "
,52,2015,PH,316 ,Box, 1 ,316 ," 3,841 "
,52,2015,PH,358 ,Pack, 1 ,358 ," 1,343 "
